Workbook

Sheet Scores
A1: PredictionDate | B1: PredictionTime | C1: Weekday | D1: GameDate | E1: GameTime | F1: GameID | G1: AwayTeam | H1: HomeTeam | I1: PredictedAwayScore | J1: PredictedHomeScore | K1: PredictedResult | L1: PredictedWinner | M1: ActualAwayScore | N1: ActualHomeScore | O1: ActualResult | P1: ActualWinner | Q1: WatchedGame | R1: WatchDate | S1: WatchTime | T1: ActualLoser | U1: AwayGameGoalDiff | V1: HomeGameGoalDiff | W1: GamePredictionPoints1 | X1: GamePredictionPoints2 | Y1: GamePredictionPoints3 | Z1: AwayGoalDiffDay | AA1: HomeGoalDiffDay | AB1: GameIsOver | AC1: CorrectWinnerPrediction | AD1: CorrectAwayScorePrediction | AE1: CorrectHomeScorePrediction | AF1: AwayShutout | AG1: HomeShutout | AH1: AwayWon | AI1: HomeWon | AJ1: InterConf | AK1: InterDiv | AL1: SameConfDiffDiv | AM1: CrossConf | AN1: AwayRecordAll | AO1: AwayRecordVSHome | AP1: HomeRecordAll | AQ1: HomeRecordVSAway
A2: 45937 | B2: 1620 | C2: =IF(WEEKDAY(Table1[[#This Row],[GameDate]])=1,"SUN",IF(WEEKDAY(Table1[[#This Row],[GameDate]])=2,"MON",IF(WEEKDAY(Table1[[#This Row],[GameDate]])=3,"TUE",IF(WEEKDAY(Table1[[#This Row],[GameDate]])=4,"WED",IF(WEEKDAY(Table1[[#This Row],[GameDate]])=5,"THU",IF(WEEKDAY(Table1[[#This Row],[GameDate]])=6,"FRI", "SAT")))))) -> TUE | D2: 2026-09-29 | E2: 18:00 | F2: 2026020001 | G2: FLA | H2: CAR | I2: 8 | J2: 9 | K2: REG | L2: =IF(OR(Table1[[#This Row],[PredictedAwayScore]]=Table1[[#This Row],[PredictedHomeScore]],AND(ISBLANK(Table1[[#This Row],[PredictedAwayScore]]),ISBLANK(Table1[[#This Row],[PredictedHomeScore]]))),"",IF(Table1[[#This Row],[PredictedAwayScore]]>Table1[[#This Row],[PredictedHomeScore]],Table1[[#This Row],[AwayTeam]],Table1[[#This Row],[HomeTeam]])) -> CAR | M2: 6 | N2: 3 | O2: REG | P2: =IF(OR(Table1[[#This Row],[ActualAwayScore]]=Table1[[#This Row],[ActualHomeScore]],AND(ISBLANK(Table1[[#This Row],[ActualAwayScore]]),ISBLANK(Table1[[#This Row],[ActualHomeScore]]))),"",IF(Table1[[#This Row],[ActualAwayScore]]>Table1[[#This Row],[ActualHomeScore]],Table1[[#This Row],[AwayTeam]], Table1[[#This Row],[HomeTeam]])) -> FLA | Q2: 1 | R2: 45937 | S2: 2000 | T2: =IF(Table1[[#This Row],[ActualWinner]]="", "", IF(Table1[[#This Row],[AwayTeam]]=Table1[[#This Row],[ActualWinner]],Table1[[#This Row],[HomeTeam]],Table1[[#This Row],[AwayTeam]])) -> CAR | U2: =Table1[[#This Row],[ActualAwayScore]]-Table1[[#This Row],[PredictedAwayScore]] -> -2 | V2: =Table1[[#This Row],[ActualHomeScore]]-Table1[[#This Row],[PredictedHomeScore]] -> -6 | W2: =(0.8*IF(Table1[[#This Row],[CorrectWinnerPrediction]]=1, 1, 0))+(0.1*IF(Table1[[#This Row],[CorrectAwayScorePrediction]]=1, 1, 0))+(0.1*IF(Table1[[#This Row],[CorrectHomeScorePrediction]]=1, 1, 0)) -> 0 | X2: =(0.8*IF(Table1[[#This Row],[CorrectWinnerPrediction]]=1, 1, 0))+(0.1*IF(Table1[[#This Row],[CorrectAwayScorePrediction]]=1, 1, 0))+(0.1*IF(Table1[[#This Row],[CorrectHomeScorePrediction]]=1, 1, 0)) + (0.8 * IF(OR(Table1[[#This Row],[PredictedResult]]="REG",Table1[[#This Row],[CorrectWinnerPrediction]]=1), 0, IF(Table1[[#This Row],[ActualResult]]="OT", 0.85, IF(Table1[[#This Row],[ActualResult]]="SO", 0.95, 0)))) -> 0 | Z2: =SUMIF(Table1[GameDate], Table1[[#This Row],[GameDate]], Table1[AwayGameGoalDiff]) -> 2 | AA2: =SUMIF(Table1[GameDate], Table1[[#This Row],[GameDate]], Table1[HomeGameGoalDiff]) -> -8 | AB2: =IF(ISBLANK(Table1[[#This Row],[ActualResult]]), 0, 1) -> 1 | AC2: =IF(ISBLANK(Table1[[#This Row],[ActualResult]]), 0, IF(Table1[[#This Row],[ActualWinner]]=Table1[[#This Row],[PredictedWinner]], 1, 0)) -> 0 | AD2: =IF(Table1[[#This Row],[ActualAwayScore]]>Table1[[#This Row],[PredictedAwayScore]], 0, IF(ISBLANK(Table1[[#This Row],[ActualResult]]), 0, IF(Table1[[#This Row],[ActualAwayScore]]=Table1[[#This Row],[PredictedAwayScore]], 1,0))) -> 0 | AE2: =IF(Table1[[#This Row],[ActualHomeScore]]>Table1[[#This Row],[PredictedHomeScore]], 0, IF(ISBLANK(Table1[[#This Row],[ActualResult]]), 0, IF(Table1[[#This Row],[ActualHomeScore]]=Table1[[#This Row],[PredictedHomeScore]], 1, 0))) -> 0 | AF2: =IF(AND(Table1[[#This Row],[GameIsOver]]=1,Table1[[#This Row],[ActualAwayScore]]=0), 1,0) -> 0 | AG2: =IF(AND(Table1[[#This Row],[GameIsOver]]=1,Table1[[#This Row],[ActualHomeScore]]=0), 1,0) -> 0 | AH2: =IF(Table1[[#This Row],[GameIsOver]]=0,0,IF(Table1[[#This Row],[ActualWinner]]=Table1[[#This Row],[AwayTeam]], 1, 0)) -> 1 | AI2: =IF(Table1[[#This Row],[GameIsOver]]=0,0,IF(Table1[[#This Row],[ActualWinner]]=Table1[[#This Row],[HomeTeam]], 1, 0)) -> 0 | AJ2: =IF(INDEX(Standings!$A$2:$C$33,MATCH(Table1[[#This Row],[AwayTeam]],Standings!$A$2:$A$33,0),2)=INDEX(Standings!$A$2:$C$33,MATCH(Table1[[#This Row],[HomeTeam]],Standings!$A$2:$A$33,0),2),1,0) -> 1 | AK2: =IF(INDEX(Standings!$A$2:$C$33,MATCH(Table1[[#This Row],[AwayTeam]],Standings!$A$2:$A$33,0),3)=INDEX(Standings!$A$2:$C$33,MATCH(Table1[[#This Row],[HomeTeam]],Standings!$A$2:$A$33,0),3),1,0) -> 0 | AL2: =IF(Table1[[#This Row],[InterConf]]=1,IF(Table1[[#This Row],[InterDiv]]=0, 1, 0), 0) -> 1 | AM2: =IF(INDEX(Standings!$A$2:$C$33,MATCH(Table1[[#This Row],[AwayTeam]],Standings!$A$2:$A$33,0),2)<>INDEX(Standings!$A$2:$C$33,MATCH(Table1[[#This Row],[HomeTeam]],Standings!$A$2:$A$33,0),2),1,0) -> 0 | AN2: =INDEX(Table2[AWAY_RECORD], MATCH(Table1[[#This Row],[AwayTeam]],Table2[Team], 0), 0) -> 2-0-0 | AO2: =INDEX(Records!$B$2:$AG$33, MATCH(Table1[[#This Row],[AwayTeam]],Records!$A$2:$A$33, 0), MATCH(Table1[[#This Row],[HomeTeam]],Records!$A$2:$A$33, 0)) -> 1-0-0 | AP2: =INDEX(Table2[HOME_RECORD], MATCH(Table1[[#This Row],[HomeTeam]],Table2[Team], 0), 0) -> 1-1-0 | AQ2: =INDEX(Records!$B$2:$AG$33, MATCH(Table1[[#This Row],[HomeTeam]],Records!$A$2:$A$33, 0), MATCH(Table1[[#This Row],[AwayTeam]],Records!$A$2:$A$33, 0)) -> 0-1-0
C3: =IF(WEEKDAY(Table1[[#This Row],[GameDate]])=1,"SUN",IF(WEEKDAY(Table1[[#This Row],[GameDate]])=2,"MON",IF(WEEKDAY(Table1[[#This Row],[GameDate]])=3,"TUE",IF(WEEKDAY(Table1[[#This Row],[GameDate]])=4,"WED",IF(WEEKDAY(Table1[[#This Row],[GameDate]])=5,"THU",IF(WEEKDAY(Table1[[#This Row],[GameDate]])=6,"FRI", "SAT")))))) -> TUE | D3: 2026-09-29 | E3: 20:00 | F3: 2026020002 | G3: MTL | H3: TOR | I3: 1 | J3: 3 | K3: SO | L3: =IF(OR(Table1[[#This Row],[PredictedAwayScore]]=Table1[[#This Row],[PredictedHomeScore]],AND(ISBLANK(Table1[[#This Row],[PredictedAwayScore]]),ISBLANK(Table1[[#This Row],[PredictedHomeScore]]))),"",IF(Table1[[#This Row],[PredictedAwayScore]]>Table1[[#This Row],[PredictedHomeScore]],Table1[[#This Row],[AwayTeam]],Table1[[#This Row],[HomeTeam]])) -> TOR | M3: 4 | N3: 3 | O3: REG | P3: =IF(OR(Table1[[#This Row],[ActualAwayScore]]=Table1[[#This Row],[ActualHomeScore]],AND(ISBLANK(Table1[[#This Row],[ActualAwayScore]]),ISBLANK(Table1[[#This Row],[ActualHomeScore]]))),"",IF(Table1[[#This Row],[ActualAwayScore]]>Table1[[#This Row],[ActualHomeScore]],Table1[[#This Row],[AwayTeam]], Table1[[#This Row],[HomeTeam]])) -> MTL | T3: =IF(Table1[[#This Row],[ActualWinner]]="", "", IF(Table1[[#This Row],[AwayTeam]]=Table1[[#This Row],[ActualWinner]],Table1[[#This Row],[HomeTeam]],Table1[[#This Row],[AwayTeam]])) -> TOR | U3: =Table1[[#This Row],[ActualAwayScore]]-Table1[[#This Row],[PredictedAwayScore]] -> 3 | V3: =Table1[[#This Row],[ActualHomeScore]]-Table1[[#This Row],[PredictedHomeScore]] -> 0 | W3: =(0.8*IF(Table1[[#This Row],[CorrectWinnerPrediction]]=1, 1, 0))+(0.1*IF(Table1[[#This Row],[CorrectAwayScorePrediction]]=1, 1, 0))+(0.1*IF(Table1[[#This Row],[CorrectHomeScorePrediction]]=1, 1, 0)) -> 0.1 | X3: =(0.8*IF(Table1[[#This Row],[CorrectWinnerPrediction]]=1, 1, 0))+(0.1*IF(Table1[[#This Row],[CorrectAwayScorePrediction]]=1, 1, 0))+(0.1*IF(Table1[[#This Row],[CorrectHomeScorePrediction]]=1, 1, 0)) + (0.8 * IF(OR(Table1[[#This Row],[PredictedResult]]="REG",Table1[[#This Row],[CorrectWinnerPrediction]]=1), 0, IF(Table1[[#This Row],[ActualResult]]="OT", 0.85, IF(Table1[[#This Row],[ActualResult]]="SO", 0.95, 0)))) -> 0.1 | Z3: =SUMIF(Table1[GameDate], Table1[[#This Row],[GameDate]], Table1[AwayGameGoalDiff]) -> 2 | AA3: =SUMIF(Table1[GameDate], Table1[[#This Row],[GameDate]], Table1[HomeGameGoalDiff]) -> -8 | AB3: =IF(ISBLANK(Table1[[#This Row],[ActualResult]]), 0, 1) -> 1 | AC3: =IF(ISBLANK(Table1[[#This Row],[ActualResult]]), 0, IF(Table1[[#This Row],[ActualWinner]]=Table1[[#This Row],[PredictedWinner]], 1, 0)) -> 0 | AD3: =IF(Table1[[#This Row],[ActualAwayScore]]>Table1[[#This Row],[PredictedAwayScore]], 0, IF(ISBLANK(Table1[[#This Row],[ActualResult]]), 0, IF(Table1[[#This Row],[ActualAwayScore]]=Table1[[#This Row],[PredictedAwayScore]], 1,0))) -> 0 | AE3: =IF(Table1[[#This Row],[ActualHomeScore]]>Table1[[#This Row],[PredictedHomeScore]], 0, IF(ISBLANK(Table1[[#This Row],[ActualResult]]), 0, IF(Table1[[#This Row],[ActualHomeScore]]=Table1[[#This Row],[PredictedHomeScore]], 1, 0))) -> 1 | AF3: =IF(AND(Table1[[#This Row],[GameIsOver]]=1,Table1[[#This Row],[ActualAwayScore]]=0), 1,0) -> 0 | AG3: =IF(AND(Table1[[#This Row],[GameIsOver]]=1,Table1[[#This Row],[ActualHomeScore]]=0), 1,0) -> 0 | AH3: =IF(Table1[[#This Row],[GameIsOver]]=0,0,IF(Table1[[#This Row],[ActualWinner]]=Table1[[#This Row],[AwayTeam]], 1, 0)) -> 1 | AI3: =IF(Table1[[#This Row],[GameIsOver]]=0,0,IF(Table1[[#This Row],[ActualWinner]]=Table1[[#This Row],[HomeTeam]], 1, 0)) -> 0 | AJ3: =IF(INDEX(Standings!$A$2:$C$33,MATCH(Table1[[#This Row],[AwayTeam]],Standings!$A$2:$A$33,0),2)=INDEX(Standings!$A$2:$C$33,MATCH(Table1[[#This Row],[HomeTeam]],Standings!$A$2:$A$33,0),2),1,0) -> 1 | AK3: =IF(INDEX(Standings!$A$2:$C$33,MATCH(Table1[[#This Row],[AwayTeam]],Standings!$A$2:$A$33,0),3)=INDEX(Standings!$A$2:$C$33,MATCH(Table1[[#This Row],[HomeTeam]],Standings!$A$2:$A$33,0),3),1,0) -> 1 | AL3: =IF(Table1[[#This Row],[InterConf]]=1,IF(Table1[[#This Row],[InterDiv]]=0, 1, 0), 0) -> 0 | AM3: =IF(INDEX(Standings!$A$2:$C$33,MATCH(Table1[[#This Row],[AwayTeam]],Standings!$A$2:$A$33,0),2)<>INDEX(Standings!$A$2:$C$33,MATCH(Table1[[#This Row],[HomeTeam]],Standings!$A$2:$A$33,0),2),1,0) -> 0 | AN3: =INDEX(Table2[AWAY_RECORD], MATCH(Table1[[#This Row],[AwayTeam]],Table2[Team], 0), 0) -> 1-0-0 | AO3: =INDEX(Records!$B$2:$AG$33, MATCH(Table1[[#This Row],[AwayTeam]],Records!$A$2:$A$33, 0), MATCH(Table1[[#This Row],[HomeTeam]],Records!$A$2:$A$33, 0)) -> 1-0-0 | AP3: =INDEX(Table2[HOME_RECORD], MATCH(Table1[[#This Row],[HomeTeam]],Table2[Team], 0), 0) -> 0-2-0 | AQ3: =INDEX(Records!$B$2:$AG$33, MATCH(Table1[[#This Row],[HomeTeam]],Records!$A$2:$A$33, 0), MATCH(Table1[[#This Row],[AwayTeam]],Records!$A$2:$A$33, 0)) -> 0-1-0
C4: =IF(WEEKDAY(Table1[[#This Row],[GameDate]])=1,"SUN",IF(WEEKDAY(Table1[[#This Row],[GameDate]])=2,"MON",IF(WEEKDAY(Table1[[#This Row],[GameDate]])=3,"TUE",IF(WEEKDAY(Table1[[#This Row],[GameDate]])=4,"WED",IF(WEEKDAY(Table1[[#This Row],[GameDate]])=5,"THU",IF(WEEKDAY(Table1[[#This Row],[GameDate]])=6,"FRI", "SAT")))))) -> TUE | D4: 2026-09-29 | E4: 21:00 | F4: 2026020003 | G4: NYR | H4: BOS | I4: 3 | J4: 1 | K4: OT | L4: =IF(OR(Table1[[#This Row],[PredictedAwayScore]]=Table1[[#This Row],[PredictedHomeScore]],AND(ISBLANK(Table1[[#This Row],[PredictedAwayScore]]),ISBLANK(Table1[[#This Row],[PredictedHomeScore]]))),"",IF(Table1[[#This Row],[PredictedAwayScore]]>Table1[[#This Row],[PredictedHomeScore]],Table1[[#This Row],[AwayTeam]],Table1[[#This Row],[HomeTeam]])) -> NYR | M4: 3 | N4: 0 | O4: REG | P4: =IF(OR(Table1[[#This Row],[ActualAwayScore]]=Table1[[#This Row],[ActualHomeScore]],AND(ISBLANK(Table1[[#This Row],[ActualAwayScore]]),ISBLANK(Table1[[#This Row],[ActualHomeScore]]))),"",IF(Table1[[#This Row],[ActualAwayScore]]>Table1[[#This Row],[ActualHomeScore]],Table1[[#This Row],[AwayTeam]], Table1[[#This Row],[HomeTeam]])) -> NYR | T4: =IF(Table1[[#This Row],[ActualWinner]]="", "", IF(Table1[[#This Row],[AwayTeam]]=Table1[[#This Row],[ActualWinner]],Table1[[#This Row],[HomeTeam]],Table1[[#This Row],[AwayTeam]])) -> BOS | U4: =Table1[[#This Row],[ActualAwayScore]]-Table1[[#This Row],[PredictedAwayScore]] -> 0 | V4: =Table1[[#This Row],[ActualHomeScore]]-Table1[[#This Row],[PredictedHomeScore]] -> -1 | W4: =(0.8*IF(Table1[[#This Row],[CorrectWinnerPrediction]]=1, 1, 0))+(0.1*IF(Table1[[#This Row],[CorrectAwayScorePrediction]]=1, 1, 0))+(0.1*IF(Table1[[#This Row],[CorrectHomeScorePrediction]]=1, 1, 0)) -> 0.9 | X4: =(0.8*IF(Table1[[#This Row],[CorrectWinnerPrediction]]=1, 1, 0))+(0.1*IF(Table1[[#This Row],[CorrectAwayScorePrediction]]=1, 1, 0))+(0.1*IF(Table1[[#This Row],[CorrectHomeScorePrediction]]=1, 1, 0)) + (0.8 * IF(OR(Table1[[#This Row],[PredictedResult]]="REG",Table1[[#This Row],[CorrectWinnerPrediction]]=1), 0, IF(Table1[[#This Row],[ActualResult]]="OT", 0.85, IF(Table1[[#This Row],[ActualResult]]="SO", 0.95, 0)))) -> 0.9 | Z4: =SUMIF(Table1[GameDate], Table1[[#This Row],[GameDate]], Table1[AwayGameGoalDiff]) -> 2 | AA4: =SUMIF(Table1[GameDate], Table1[[#This Row],[GameDate]], Table1[HomeGameGoalDiff]) -> -8 | AB4: =IF(ISBLANK(Table1[[#This Row],[ActualResult]]), 0, 1) -> 1 | AC4: =IF(ISBLANK(Table1[[#This Row],[ActualResult]]), 0, IF(Table1[[#This Row],[ActualWinner]]=Table1[[#This Row],[PredictedWinner]], 1, 0)) -> 1 | AD4: =IF(Table1[[#This Row],[ActualAwayScore]]>Table1[[#This Row],[PredictedAwayScore]], 0, IF(ISBLANK(Table1[[#This Row],[ActualResult]]), 0, IF(Table1[[#This Row],[ActualAwayScore]]=Table1[[#This Row],[PredictedAwayScore]], 1,0))) -> 1 | AE4: =IF(Table1[[#This Row],[ActualHomeScore]]>Table1[[#This Row],[PredictedHomeScore]], 0, IF(ISBLANK(Table1[[#This Row],[ActualResult]]), 0, IF(Table1[[#This Row],[ActualHomeScore]]=Table1[[#This Row],[PredictedHomeScore]], 1, 0))) -> 0 | AF4: =IF(AND(Table1[[#This Row],[GameIsOver]]=1,Table1[[#This Row],[ActualAwayScore]]=0), 1,0) -> 0 | AG4: =IF(AND(Table1[[#This Row],[GameIsOver]]=1,Table1[[#This Row],[ActualHomeScore]]=0), 1,0) -> 1 | AH4: =IF(Table1[[#This Row],[GameIsOver]]=0,0,IF(Table1[[#This Row],[ActualWinner]]=Table1[[#This Row],[AwayTeam]], 1, 0)) -> 1 | AI4: =IF(Table1[[#This Row],[GameIsOver]]=0,0,IF(Table1[[#This Row],[ActualWinner]]=Table1[[#This Row],[HomeTeam]], 1, 0)) -> 0 | AJ4: =IF(INDEX(Standings!$A$2:$C$33,MATCH(Table1[[#This Row],[AwayTeam]],Standings!$A$2:$A$33,0),2)=INDEX(Standings!$A$2:$C$33,MATCH(Table1[[#This Row],[HomeTeam]],Standings!$A$2:$A$33,0),2),1,0) -> 1 | AK4: =IF(INDEX(Standings!$A$2:$C$33,MATCH(Table1[[#This Row],[AwayTeam]],Standings!$A$2:$A$33,0),3)=INDEX(Standings!$A$2:$C$33,MATCH(Table1[[#This Row],[HomeTeam]],Standings!$A$2:$A$33,0),3),1,0) -> 0 | AL4: =IF(Table1[[#This Row],[InterConf]]=1,IF(Table1[[#This Row],[InterDiv]]=0, 1, 0), 0) -> 1 | AM4: =IF(INDEX(Standings!$A$2:$C$33,MATCH(Table1[[#This Row],[AwayTeam]],Standings!$A$2:$A$33,0),2)<>INDEX(Standings!$A$2:$C$33,MATCH(Table1[[#This Row],[HomeTeam]],Standings!$A$2:$A$33,0),2),1,0) -> 0 | AN4: =INDEX(Table2[AWAY_RECORD], MATCH(Table1[[#This Row],[AwayTeam]],Table2[Team], 0), 0) -> 2-0-0 | AO4: =INDEX(Records!$B$2:$AG$33, MATCH(Table1[[#This Row],[AwayTeam]],Records!$A$2:$A$33, 0), MATCH(Table1[[#This Row],[HomeTeam]],Records!$A$2:$A$33, 0)) -> 1-0-0 | AP4: =INDEX(Table2[HOME_RECORD], MATCH(Table1[[#This Row],[HomeTeam]],Table2[Team], 0), 0) -> 0-1-0 | AQ4: =INDEX(Records!$B$2:$AG$33, MATCH(Table1[[#This Row],[HomeTeam]],Records!$A$2:$A$33, 0), MATCH(Table1[[#This Row],[AwayTeam]],Records!$A$2:$A$33, 0)) -> 0-1-0
C5: =IF(WEEKDAY(Table1[[#This Row],[GameDate]])=1,"SUN",IF(WEEKDAY(Table1[[#This Row],[GameDate]])=2,"MON",IF(WEEKDAY(Table1[[#This Row],[GameDate]])=3,"TUE",IF(WEEKDAY(Table1[[#This Row],[GameDate]])=4,"WED",IF(WEEKDAY(Table1[[#This Row],[GameDate]])=5,"THU",IF(WEEKDAY(Table1[[#This Row],[GameDate]])=6,"FRI", "SAT")))))) -> TUE | D5: 2026-09-29 | E5: 23:00 | F5: 2026020004 | G5: VAN | H5: EDM | I5: 3 | J5: 2 | K5: SO | L5: =IF(OR(Table1[[#This Row],[PredictedAwayScore]]=Table1[[#This Row],[PredictedHomeScore]],AND(ISBLANK(Table1[[#This Row],[PredictedAwayScore]]),ISBLANK(Table1[[#This Row],[PredictedHomeScore]]))),"",IF(Table1[[#This Row],[PredictedAwayScore]]>Table1[[#This Row],[PredictedHomeScore]],Table1[[#This Row],[AwayTeam]],Table1[[#This Row],[HomeTeam]])) -> VAN | M5: 1 | N5: 2 | O5: OT | P5: =IF(OR(Table1[[#This Row],[ActualAwayScore]]=Table1[[#This Row],[ActualHomeScore]],AND(ISBLANK(Table1[[#This Row],[ActualAwayScore]]),ISBLANK(Table1[[#This Row],[ActualHomeScore]]))),"",IF(Table1[[#This Row],[ActualAwayScore]]>Table1[[#This Row],[ActualHomeScore]],Table1[[#This Row],[AwayTeam]], Table1[[#This Row],[HomeTeam]])) -> EDM | T5: =IF(Table1[[#This Row],[ActualWinner]]="", "", IF(Table1[[#This Row],[AwayTeam]]=Table1[[#This Row],[ActualWinner]],Table1[[#This Row],[HomeTeam]],Table1[[#This Row],[AwayTeam]])) -> VAN | U5: =Table1[[#This Row],[ActualAwayScore]]-Table1[[#This Row],[PredictedAwayScore]] -> -2 | V5: =Table1[[#This Row],[ActualHomeScore]]-Table1[[#This Row],[PredictedHomeScore]] -> 0 | W5: =(0.8*IF(Table1[[#This Row],[CorrectWinnerPrediction]]=1, 1, 0))+(0.1*IF(Table1[[#This Row],[CorrectAwayScorePrediction]]=1, 1, 0))+(0.1*IF(Table1[[#This Row],[CorrectHomeScorePrediction]]=1, 1, 0)) -> 0.1 | X5: =(0.8*IF(Table1[[#This Row],[CorrectWinnerPrediction]]=1, 1, 0))+(0.1*IF(Table1[[#This Row],[CorrectAwayScorePrediction]]=1, 1, 0))+(0.1*IF(Table1[[#This Row],[CorrectHomeScorePrediction]]=1, 1, 0)) + (0.8 * IF(OR(Table1[[#This Row],[PredictedResult]]="REG",Table1[[#This Row],[CorrectWinnerPrediction]]=1), 0, IF(Table1[[#This Row],[ActualResult]]="OT", 0.85, IF(Table1[[#This Row],[ActualResult]]="SO", 0.95, 0)))) -> 0.78 | Z5: =SUMIF(Table1[GameDate], Table1[[#This Row],[GameDate]], Table1[AwayGameGoalDiff]) -> 2 | AA5: =SUMIF(Table1[GameDate], Table1[[#This Row],[GameDate]], Table1[HomeGameGoalDiff]) -> -8 | AB5: =IF(ISBLANK(Table1[[#This Row],[ActualResult]]), 0, 1) -> 1 | AC5: =IF(ISBLANK(Table1[[#This Row],[ActualResult]]), 0, IF(Table1[[#This Row],[ActualWinner]]=Table1[[#This Row],[PredictedWinner]], 1, 0)) -> 0 | AD5: =IF(Table1[[#This Row],[ActualAwayScore]]>Table1[[#This Row],[PredictedAwayScore]], 0, IF(ISBLANK(Table1[[#This Row],[ActualResult]]), 0, IF(Table1[[#This Row],[ActualAwayScore]]=Table1[[#This Row],[PredictedAwayScore]], 1,0))) -> 0 | AE5: =IF(Table1[[#This Row],[ActualHomeScore]]>Table1[[#This Row],[PredictedHomeScore]], 0, IF(ISBLANK(Table1[[#This Row],[ActualResult]]), 0, IF(Table1[[#This Row],[ActualHomeScore]]=Table1[[#This Row],[PredictedHomeScore]], 1, 0))) -> 1 | AF5: =IF(AND(Table1[[#This Row],[GameIsOver]]=1,Table1[[#This Row],[ActualAwayScore]]=0), 1,0) -> 0 | AG5: =IF(AND(Table1[[#This Row],[GameIsOver]]=1,Table1[[#This Row],[ActualHomeScore]]=0), 1,0) -> 0 | AH5: =IF(Table1[[#This Row],[GameIsOver]]=0,0,IF(Table1[[#This Row],[ActualWinner]]=Table1[[#This Row],[AwayTeam]], 1, 0)) -> 0 | AI5: =IF(Table1[[#This Row],[GameIsOver]]=0,0,IF(Table1[[#This Row],[ActualWinner]]=Table1[[#This Row],[HomeTeam]], 1, 0)) -> 1 | AJ5: =IF(INDEX(Standings!$A$2:$C$33,MATCH(Table1[[#This Row],[AwayTeam]],Standings!$A$2:$A$33,0),2)=INDEX(Standings!$A$2:$C$33,MATCH(Table1[[#This Row],[HomeTeam]],Standings!$A$2:$A$33,0),2),1,0) -> 1 | AK5: =IF(INDEX(Standings!$A$2:$C$33,MATCH(Table1[[#This Row],[AwayTeam]],Standings!$A$2:$A$33,0),3)=INDEX(Standings!$A$2:$C$33,MATCH(Table1[[#This Row],[HomeTeam]],Standings!$A$2:$A$33,0),3),1,0) -> 1 | AL5: =IF(Table1[[#This Row],[InterConf]]=1,IF(Table1[[#This Row],[InterDiv]]=0, 1, 0), 0) -> 0 | AM5: =IF(INDEX(Standings!$A$2:$C$33,MATCH(Table1[[#This Row],[AwayTeam]],Standings!$A$2:$A$33,0),2)<>INDEX(Standings!$A$2:$C$33,MATCH(Table1[[#This Row],[HomeTeam]],Standings!$A$2:$A$33,0),2),1,0) -> 0 | AN5: =INDEX(Table2[AWAY_RECORD], MATCH(Table1[[#This Row],[AwayTeam]],Table2[Team], 0), 0) -> 0-0-1 | AO5: =INDEX(Records!$B$2:$AG$33, MATCH(Table1[[#This Row],[AwayTeam]],Records!$A$2:$A$33, 0), MATCH(Table1[[#This Row],[HomeTeam]],Records!$A$2:$A$33, 0)) -> 0-0-2 | AP5: =INDEX(Table2[HOME_RECORD], MATCH(Table1[[#This Row],[HomeTeam]],Table2[Team], 0), 0) -> 1-0-0 | AQ5: =INDEX(Records!$B$2:$AG$33, MATCH(Table1[[#This Row],[HomeTeam]],Records!$A$2:$A$33, 0), MATCH(Table1[[#This Row],[AwayTeam]],Records!$A$2:$A$33, 0)) -> 2-0-0
C6: =IF(WEEKDAY(Table1[[#This Row],[GameDate]])=1,"SUN",IF(WEEKDAY(Table1[[#This Row],[GameDate]])=2,"MON",IF(WEEKDAY(Table1[[#This Row],[GameDate]])=3,"TUE",IF(WEEKDAY(Table1[[#This Row],[GameDate]])=4,"WED",IF(WEEKDAY(Table1[[#This Row],[GameDate]])=5,"THU",IF(WEEKDAY(Table1[[#This Row],[GameDate]])=6,"FRI", "SAT")))))) -> TUE | D6: 2026-09-29 | E6: 23:30 | F6: 2026020005 | G6: CHI | H6: VGK | I6: 1 | J6: 4 | K6: REG | L6: =IF(OR(Table1[[#This Row],[PredictedAwayScore]]=Table1[[#This Row],[PredictedHomeScore]],AND(ISBLANK(Table1[[#This Row],[PredictedAwayScore]]),ISBLANK(Table1[[#This Row],[PredictedHomeScore]]))),"",IF(Table1[[#This Row],[PredictedAwayScore]]>Table1[[#This Row],[PredictedHomeScore]],Table1[[#This Row],[AwayTeam]],Table1[[#This Row],[HomeTeam]])) -> VGK | M6: 4 | N6: 3 | O6: SO | P6: =IF(OR(Table1[[#This Row],[ActualAwayScore]]=Table1[[#This Row],[ActualHomeScore]],AND(ISBLANK(Table1[[#This Row],[ActualAwayScore]]),ISBLANK(Table1[[#This Row],[ActualHomeScore]]))),"",IF(Table1[[#This Row],[ActualAwayScore]]>Table1[[#This Row],[ActualHomeScore]],Table1[[#This Row],[AwayTeam]], Table1[[#This Row],[HomeTeam]])) -> CHI | T6: =IF(Table1[[#This Row],[ActualWinner]]="", "", IF(Table1[[#This Row],[AwayTeam]]=Table1[[#This Row],[ActualWinner]],Table1[[#This Row],[HomeTeam]],Table1[[#This Row],[AwayTeam]])) -> VGK | U6: =Table1[[#This Row],[ActualAwayScore]]-Table1[[#This Row],[PredictedAwayScore]] -> 3 | V6: =Table1[[#This Row],[ActualHomeScore]]-Table1[[#This Row],[PredictedHomeScore]] -> -1 | W6: =(0.8*IF(Table1[[#This Row],[CorrectWinnerPrediction]]=1, 1, 0))+(0.1*IF(Table1[[#This Row],[CorrectAwayScorePrediction]]=1, 1, 0))+(0.1*IF(Table1[[#This Row],[CorrectHomeScorePrediction]]=1, 1, 0)) -> 0 | X6: =(0.8*IF(Table1[[#This Row],[CorrectWinnerPrediction]]=1, 1, 0))+(0.1*IF(Table1[[#This Row],[CorrectAwayScorePrediction]]=1, 1, 0))+(0.1*IF(Table1[[#This Row],[CorrectHomeScorePrediction]]=1, 1, 0)) + (0.8 * IF(OR(Table1[[#This Row],[PredictedResult]]="REG",Table1[[#This Row],[CorrectWinnerPrediction]]=1), 0, IF(Table1[[#This Row],[ActualResult]]="OT", 0.85, IF(Table1[[#This Row],[ActualResult]]="SO", 0.95, 0)))) -> 0 | Z6: =SUMIF(Table1[GameDate], Table1[[#This Row],[GameDate]], Table1[AwayGameGoalDiff]) -> 2 | AA6: =SUMIF(Table1[GameDate], Table1[[#This Row],[GameDate]], Table1[HomeGameGoalDiff]) -> -8 | AB6: =IF(ISBLANK(Table1[[#This Row],[ActualResult]]), 0, 1) -> 1 | AC6: =IF(ISBLANK(Table1[[#This Row],[ActualResult]]), 0, IF(Table1[[#This Row],[ActualWinner]]=Table1[[#This Row],[PredictedWinner]], 1, 0)) -> 0 | AD6: =IF(Table1[[#This Row],[ActualAwayScore]]>Table1[[#This Row],[PredictedAwayScore]], 0, IF(ISBLANK(Table1[[#This Row],[ActualResult]]), 0, IF(Table1[[#This Row],[ActualAwayScore]]=Table1[[#This Row],[PredictedAwayScore]], 1,0))) -> 0 | AE6: =IF(Table1[[#This Row],[ActualHomeScore]]>Table1[[#This Row],[PredictedHomeScore]], 0, IF(ISBLANK(Table1[[#This Row],[ActualResult]]), 0, IF(Table1[[#This Row],[ActualHomeScore]]=Table1[[#This Row],[PredictedHomeScore]], 1, 0))) -> 0 | AF6: =IF(AND(Table1[[#This Row],[GameIsOver]]=1,Table1[[#This Row],[ActualAwayScore]]=0), 1,0) -> 0 | AG6: =IF(AND(Table1[[#This Row],[GameIsOver]]=1,Table1[[#This Row],[ActualHomeScore]]=0), 1,0) -> 0 | AH6: =IF(Table1[[#This Row],[GameIsOver]]=0,0,IF(Table1[[#This Row],[ActualWinner]]=Table1[[#This Row],[AwayTeam]], 1, 0)) -> 1 | AI6: =IF(Table1[[#This Row],[GameIsOver]]=0,0,IF(Table1[[#This Row],[ActualWinner]]=Table1[[#This Row],[HomeTeam]], 1, 0)) -> 0 | AJ6: =IF(INDEX(Standings!$A$2:$C$33,MATCH(Table1[[#This Row],[AwayTeam]],Standings!$A$2:$A$33,0),2)=INDEX(Standings!$A$2:$C$33,MATCH(Table1[[#This Row],[HomeTeam]],Standings!$A$2:$A$33,0),2),1,0) -> 1 | AK6: =IF(INDEX(Standings!$A$2:$C$33,MATCH(Table1[[#This Row],[AwayTeam]],Standings!$A$2:$A$33,0),3)=INDEX(Standings!$A$2:$C$33,MATCH(Table1[[#This Row],[HomeTeam]],Standings!$A$2:$A$33,0),3),1,0) -> 0 | AL6: =IF(Table1[[#This Row],[InterConf]]=1,IF(Table1[[#This Row],[InterDiv]]=0, 1, 0), 0) -> 1 | AM6: =IF(INDEX(Standings!$A$2:$C$33,MATCH(Table1[[#This Row],[AwayTeam]],Standings!$A$2:$A$33,0),2)<>INDEX(Standings!$A$2:$C$33,MATCH(Table1[[#This Row],[HomeTeam]],Standings!$A$2:$A$33,0),2),1,0) -> 0 | AN6: =INDEX(Table2[AWAY_RECORD], MATCH(Table1[[#This Row],[AwayTeam]],Table2[Team], 0), 0) -> 1-0-1 | AO6: =INDEX(Records!$B$2:$AG$33, MATCH(Table1[[#This Row],[AwayTeam]],Records!$A$2:$A$33, 0), MATCH(Table1[[#This Row],[HomeTeam]],Records!$A$2:$A$33, 0)) -> 1-0-0 | AP6: =INDEX(Table2[HOME_RECORD], MATCH(Table1[[#This Row],[HomeTeam]],Table2[Team], 0), 0) -> 0-0-1 | AQ6: =INDEX(Records!$B$2:$AG$33, MATCH(Table1[[#This Row],[HomeTeam]],Records!$A$2:$A$33, 0), MATCH(Table1[[#This Row],[AwayTeam]],Records!$A$2:$A$33, 0)) -> 0-0-1
C7: =IF(WEEKDAY(Table1[[#This Row],[GameDate]])=1,"SUN",IF(WEEKDAY(Table1[[#This Row],[GameDate]])=2,"MON",IF(WEEKDAY(Table1[[#This Row],[GameDate]])=3,"TUE",IF(WEEKDAY(Table1[[#This Row],[GameDate]])=4,"WED",IF(WEEKDAY(Table1[[#This Row],[GameDate]])=5,"THU",IF(WEEKDAY(Table1[[#This Row],[GameDate]])=6,"FRI", "SAT")))))) -> WED | D7: 2026-09-30 | E7: 20:30 | F7: 2026020006 | G7: PIT | H7: PHI | I7: 5 | J7: 4 | K7: OT | L7: =IF(OR(Table1[[#This Row],[PredictedAwayScore]]=Table1[[#This Row],[PredictedHomeScore]],AND(ISBLANK(Table1[[#This Row],[PredictedAwayScore]]),ISBLANK(Table1[[#This Row],[PredictedHomeScore]]))),"",IF(Table1[[#This Row],[PredictedAwayScore]]>Table1[[#This Row],[PredictedHomeScore]],Table1[[#This Row],[AwayTeam]],Table1[[#This Row],[HomeTeam]])) -> PIT | M7: 4 | N7: 5 | O7: OT | P7: =IF(OR(Table1[[#This Row],[ActualAwayScore]]=Table1[[#This Row],[ActualHomeScore]],AND(ISBLANK(Table1[[#This Row],[ActualAwayScore]]),ISBLANK(Table1[[#This Row],[ActualHomeScore]]))),"",IF(Table1[[#This Row],[ActualAwayScore]]>Table1[[#This Row],[ActualHomeScore]],Table1[[#This Row],[AwayTeam]], Table1[[#This Row],[HomeTeam]])) -> PHI | T7: =IF(Table1[[#This Row],[ActualWinner]]="", "", IF(Table1[[#This Row],[AwayTeam]]=Table1[[#This Row],[ActualWinner]],Table1[[#This Row],[HomeTeam]],Table1[[#This Row],[AwayTeam]])) -> PIT | U7: =Table1[[#This Row],[ActualAwayScore]]-Table1[[#This Row],[PredictedAwayScore]] -> -1 | V7: =Table1[[#This Row],[ActualHomeScore]]-Table1[[#This Row],[PredictedHomeScore]] -> 1 | W7: =(0.8*IF(Table1[[#This Row],[CorrectWinnerPrediction]]=1, 1, 0))+(0.1*IF(Table1[[#This Row],[CorrectAwayScorePrediction]]=1, 1, 0))+(0.1*IF(Table1[[#This Row],[CorrectHomeScorePrediction]]=1, 1, 0)) -> 0 | X7: =(0.8*IF(Table1[[#This Row],[CorrectWinnerPrediction]]=1, 1, 0))+(0.1*IF(Table1[[#This Row],[CorrectAwayScorePrediction]]=1, 1, 0))+(0.1*IF(Table1[[#This Row],[CorrectHomeScorePrediction]]=1, 1, 0)) + (0.8 * IF(OR(Table1[[#This Row],[PredictedResult]]="REG",Table1[[#This Row],[CorrectWinnerPrediction]]=1), 0, IF(Table1[[#This Row],[ActualResult]]="OT", 0.85, IF(Table1[[#This Row],[ActualResult]]="SO", 0.95, 0)))) -> 0.68 | Z7: =SUMIF(Table1[GameDate], Table1[[#This Row],[GameDate]], Table1[AwayGameGoalDiff]) -> -3 | AA7: =SUMIF(Table1[GameDate], Table1[[#This Row],[GameDate]], Table1[HomeGameGoalDiff]) -> -1 | AB7: =IF(ISBLANK(Table1[[#This Row],[ActualResult]]), 0, 1) -> 1 | AC7: =IF(ISBLANK(Table1[[#This Row],[ActualResult]]), 0, IF(Table1[[#This Row],[ActualWinner]]=Table1[[#This Row],[PredictedWinner]], 1, 0)) -> 0 | AD7: =IF(Table1[[#This Row],[ActualAwayScore]]>Table1[[#This Row],[PredictedAwayScore]], 0, IF(ISBLANK(Table1[[#This Row],[ActualResult]]), 0, IF(Table1[[#This Row],[ActualAwayScore]]=Table1[[#This Row],[PredictedAwayScore]], 1,0))) -> 0 | AE7: =IF(Table1[[#This Row],[ActualHomeScore]]>Table1[[#This Row],[PredictedHomeScore]], 0, IF(ISBLANK(Table1[[#This Row],[ActualResult]]), 0, IF(Table1[[#This Row],[ActualHomeScore]]=Table1[[#This Row],[PredictedHomeScore]], 1, 0))) -> 0 | AF7: =IF(AND(Table1[[#This Row],[GameIsOver]]=1,Table1[[#This Row],[ActualAwayScore]]=0), 1,0) -> 0 | AG7: =IF(AND(Table1[[#This Row],[GameIsOver]]=1,Table1[[#This Row],[ActualHomeScore]]=0), 1,0) -> 0 | AH7: =IF(Table1[[#This Row],[GameIsOver]]=0,0,IF(Table1[[#This Row],[ActualWinner]]=Table1[[#This Row],[AwayTeam]], 1, 0)) -> 0 | AI7: =IF(Table1[[#This Row],[GameIsOver]]=0,0,IF(Table1[[#This Row],[ActualWinner]]=Table1[[#This Row],[HomeTeam]], 1, 0)) -> 1 | AJ7: =IF(INDEX(Standings!$A$2:$C$33,MATCH(Table1[[#This Row],[AwayTeam]],Standings!$A$2:$A$33,0),2)=INDEX(Standings!$A$2:$C$33,MATCH(Table1[[#This Row],[HomeTeam]],Standings!$A$2:$A$33,0),2),1,0) -> 1 | AK7: =IF(INDEX(Standings!$A$2:$C$33,MATCH(Table1[[#This Row],[AwayTeam]],Standings!$A$2:$A$33,0),3)=INDEX(Standings!$A$2:$C$33,MATCH(Table1[[#This Row],[HomeTeam]],Standings!$A$2:$A$33,0),3),1,0) -> 1 | AL7: =IF(Table1[[#This Row],[InterConf]]=1,IF(Table1[[#This Row],[InterDiv]]=0, 1, 0), 0) -> 0 | AM7: =IF(INDEX(Standings!$A$2:$C$33,MATCH(Table1[[#This Row],[AwayTeam]],Standings!$A$2:$A$33,0),2)<>INDEX(Standings!$A$2:$C$33,MATCH(Table1[[#This Row],[HomeTeam]],Standings!$A$2:$A$33,0),2),1,0) -> 0 | AN7: =INDEX(Table2[AWAY_RECORD], MATCH(Table1[[#This Row],[AwayTeam]],Table2[Team], 0), 0) -> 0-0-1 | AO7: =INDEX(Records!$B$2:$AG$33, MATCH(Table1[[#This Row],[AwayTeam]],Records!$A$2:$A$33, 0), MATCH(Table1[[#This Row],[HomeTeam]],Records!$A$2:$A$33, 0)) -> 0-0-1 | AP7: =INDEX(Table2[HOME_RECORD], MATCH(Table1[[#This Row],[HomeTeam]],Table2[Team], 0), 0) -> 1-0-0 | AQ7: =INDEX(Records!$B$2:$AG$33, MATCH(Table1[[#This Row],[HomeTeam]],Records!$A$2:$A$33, 0), MATCH(Table1[[#This Row],[AwayTeam]],Records!$A$2:$A$33, 0)) -> 1-0-0
C8: =IF(WEEKDAY(Table1[[#This Row],[GameDate]])=1,"SUN",IF(WEEKDAY(Table1[[#This Row],[GameDate]])=2,"MON",IF(WEEKDAY(Table1[[#This Row],[GameDate]])=3,"TUE",IF(WEEKDAY(Table1[[#This Row],[GameDate]])=4,"WED",IF(WEEKDAY(Table1[[#This Row],[GameDate]])=5,"THU",IF(WEEKDAY(Table1[[#This Row],[GameDate]])=6,"FRI", "SAT")))))) -> WED | D8: 2026-09-30 | E8: 20:30 | F8: 2026020008 | G8: NYI | H8: TOR | I8: 2 | J8: 1 | K8: REG | L8: =IF(OR(Table1[[#This Row],[PredictedAwayScore]]=Table1[[#This Row],[PredictedHomeScore]],AND(ISBLANK(Table1[[#This Row],[PredictedAwayScore]]),ISBLANK(Table1[[#This Row],[PredictedHomeScore]]))),"",IF(Table1[[#This Row],[PredictedAwayScore]]>Table1[[#This Row],[PredictedHomeScore]],Table1[[#This Row],[AwayTeam]],Table1[[#This Row],[HomeTeam]])) -> NYI | M8: 4 | N8: 3 | O8: REG | P8: =IF(OR(Table1[[#This Row],[ActualAwayScore]]=Table1[[#This Row],[ActualHomeScore]],AND(ISBLANK(Table1[[#This Row],[ActualAwayScore]]),ISBLANK(Table1[[#This Row],[ActualHomeScore]]))),"",IF(Table1[[#This Row],[ActualAwayScore]]>Table1[[#This Row],[ActualHomeScore]],Table1[[#This Row],[AwayTeam]], Table1[[#This Row],[HomeTeam]])) -> NYI | T8: =IF(Table1[[#This Row],[ActualWinner]]="", "", IF(Table1[[#This Row],[AwayTeam]]=Table1[[#This Row],[ActualWinner]],Table1[[#This Row],[HomeTeam]],Table1[[#This Row],[AwayTeam]])) -> TOR | U8: =Table1[[#This Row],[ActualAwayScore]]-Table1[[#This Row],[PredictedAwayScore]] -> 2 | V8: =Table1[[#This Row],[ActualHomeScore]]-Table1[[#This Row],[PredictedHomeScore]] -> 2 | W8: =(0.8*IF(Table1[[#This Row],[CorrectWinnerPrediction]]=1, 1, 0))+(0.1*IF(Table1[[#This Row],[CorrectAwayScorePrediction]]=1, 1, 0))+(0.1*IF(Table1[[#This Row],[CorrectHomeScorePrediction]]=1, 1, 0)) -> 0.8 | X8: =(0.8*IF(Table1[[#This Row],[CorrectWinnerPrediction]]=1, 1, 0))+(0.1*IF(Table1[[#This Row],[CorrectAwayScorePrediction]]=1, 1, 0))+(0.1*IF(Table1[[#This Row],[CorrectHomeScorePrediction]]=1, 1, 0)) + (0.8 * IF(OR(Table1[[#This Row],[PredictedResult]]="REG",Table1[[#This Row],[CorrectWinnerPrediction]]=1), 0, IF(Table1[[#This Row],[ActualResult]]="OT", 0.85, IF(Table1[[#This Row],[ActualResult]]="SO", 0.95, 0)))) -> 0.8 | Z8: =SUMIF(Table1[GameDate], Table1[[#This Row],[GameDate]], Table1[AwayGameGoalDiff]) -> -3 | AA8: =SUMIF(Table1[GameDate], Table1[[#This Row],[GameDate]], Table1[HomeGameGoalDiff]) -> -1 | AB8: =IF(ISBLANK(Table1[[#This Row],[ActualResult]]), 0, 1) -> 1 | AC8: =IF(ISBLANK(Table1[[#This Row],[ActualResult]]), 0, IF(Table1[[#This Row],[ActualWinner]]=Table1[[#This Row],[PredictedWinner]], 1, 0)) -> 1 | AD8: =IF(Table1[[#This Row],[ActualAwayScore]]>Table1[[#This Row],[PredictedAwayScore]], 0, IF(ISBLANK(Table1[[#This Row],[ActualResult]]), 0, IF(Table1[[#This Row],[ActualAwayScore]]=Table1[[#This Row],[PredictedAwayScore]], 1,0))) -> 0 | AE8: =IF(Table1[[#This Row],[ActualHomeScore]]>Table1[[#This Row],[PredictedHomeScore]], 0, IF(ISBLANK(Table1[[#This Row],[ActualResult]]), 0, IF(Table1[[#This Row],[ActualHomeScore]]=Table1[[#This Row],[PredictedHomeScore]], 1, 0))) -> 0 | AF8: =IF(AND(Table1[[#This Row],[GameIsOver]]=1,Table1[[#This Row],[ActualAwayScore]]=0), 1,0) -> 0 | AG8: =IF(AND(Table1[[#This Row],[GameIsOver]]=1,Table1[[#This Row],[ActualHomeScore]]=0), 1,0) -> 0 | AH8: =IF(Table1[[#This Row],[GameIsOver]]=0,0,IF(Table1[[#This Row],[ActualWinner]]=Table1[[#This Row],[AwayTeam]], 1, 0)) -> 1 | AI8: =IF(Table1[[#This Row],[GameIsOver]]=0,0,IF(Table1[[#This Row],[ActualWinner]]=Table1[[#This Row],[HomeTeam]], 1, 0)) -> 0 | AJ8: =IF(INDEX(Standings!$A$2:$C$33,MATCH(Table1[[#This Row],[AwayTeam]],Standings!$A$2:$A$33,0),2)=INDEX(Standings!$A$2:$C$33,MATCH(Table1[[#This Row],[HomeTeam]],Standings!$A$2:$A$33,0),2),1,0) -> 1 | AK8: =IF(INDEX(Standings!$A$2:$C$33,MATCH(Table1[[#This Row],[AwayTeam]],Standings!$A$2:$A$33,0),3)=INDEX(Standings!$A$2:$C$33,MATCH(Table1[[#This Row],[HomeTeam]],Standings!$A$2:$A$33,0),3),1,0) -> 0 | AL8: =IF(Table1[[#This Row],[InterConf]]=1,IF(Table1[[#This Row],[InterDiv]]=0, 1, 0), 0) -> 1 | AM8: =IF(INDEX(Standings!$A$2:$C$33,MATCH(Table1[[#This Row],[AwayTeam]],Standings!$A$2:$A$33,0),2)<>INDEX(Standings!$A$2:$C$33,MATCH(Table1[[#This Row],[HomeTeam]],Standings!$A$2:$A$33,0),2),1,0) -> 0 | AN8: =INDEX(Table2[AWAY_RECORD], MATCH(Table1[[#This Row],[AwayTeam]],Table2[Team], 0), 0) -> 1-0-0 | AO8: =INDEX(Records!$B$2:$AG$33, MATCH(Table1[[#This Row],[AwayTeam]],Records!$A$2:$A$33, 0), MATCH(Table1[[#This Row],[HomeTeam]],Records!$A$2:$A$33, 0)) -> 1-0-0 | AP8: =INDEX(Table2[HOME_RECORD], MATCH(Table1[[#This Row],[HomeTeam]],Table2[Team], 0), 0) -> 0-2-0 | AQ8: =INDEX(Records!$B$2:$AG$33, MATCH(Table1[[#This Row],[HomeTeam]],Records!$A$2:$A$33, 0), MATCH(Table1[[#This Row],[AwayTeam]],Records!$A$2:$A$33, 0)) -> 0-1-0
C9: =IF(WEEKDAY(Table1[[#This Row],[GameDate]])=1,"SUN",IF(WEEKDAY(Table1[[#This Row],[GameDate]])=2,"MON",IF(WEEKDAY(Table1[[#This Row],[GameDate]])=3,"TUE",IF(WEEKDAY(Table1[[#This Row],[GameDate]])=4,"WED",IF(WEEKDAY(Table1[[#This Row],[GameDate]])=5,"THU",IF(WEEKDAY(Table1[[#This Row],[GameDate]])=6,"FRI", "SAT")))))) -> WED | D9: 2026-09-30 | E9: 23:00 | F9: 2026020007 | G9: LAK | H9: COL | I9: 6 | J9: 5 | K9: REG | L9: =IF(OR(Table1[[#This Row],[PredictedAwayScore]]=Table1[[#This Row],[PredictedHomeScore]],AND(ISBLANK(Table1[[#This Row],[PredictedAwayScore]]),ISBLANK(Table1[[#This Row],[PredictedHomeScore]]))),"",IF(Table1[[#This Row],[PredictedAwayScore]]>Table1[[#This Row],[PredictedHomeScore]],Table1[[#This Row],[AwayTeam]],Table1[[#This Row],[HomeTeam]])) -> LAK | M9: 2 | N9: 1 | O9: OT | P9: =IF(OR(Table1[[#This Row],[ActualAwayScore]]=Table1[[#This Row],[ActualHomeScore]],AND(ISBLANK(Table1[[#This Row],[ActualAwayScore]]),ISBLANK(Table1[[#This Row],[ActualHomeScore]]))),"",IF(Table1[[#This Row],[ActualAwayScore]]>Table1[[#This Row],[ActualHomeScore]],Table1[[#This Row],[AwayTeam]], Table1[[#This Row],[HomeTeam]])) -> LAK | T9: =IF(Table1[[#This Row],[ActualWinner]]="", "", IF(Table1[[#This Row],[AwayTeam]]=Table1[[#This Row],[ActualWinner]],Table1[[#This Row],[HomeTeam]],Table1[[#This Row],[AwayTeam]])) -> COL | U9: =Table1[[#This Row],[ActualAwayScore]]-Table1[[#This Row],[PredictedAwayScore]] -> -4 | V9: =Table1[[#This Row],[ActualHomeScore]]-Table1[[#This Row],[PredictedHomeScore]] -> -4 | W9: =(0.8*IF(Table1[[#This Row],[CorrectWinnerPrediction]]=1, 1, 0))+(0.1*IF(Table1[[#This Row],[CorrectAwayScorePrediction]]=1, 1, 0))+(0.1*IF(Table1[[#This Row],[CorrectHomeScorePrediction]]=1, 1, 0)) -> 0.8 | X9: =(0.8*IF(Table1[[#This Row],[CorrectWinnerPrediction]]=1, 1, 0))+(0.1*IF(Table1[[#This Row],[CorrectAwayScorePrediction]]=1, 1, 0))+(0.1*IF(Table1[[#This Row],[CorrectHomeScorePrediction]]=1, 1, 0)) + (0.8 * IF(OR(Table1[[#This Row],[PredictedResult]]="REG",Table1[[#This Row],[CorrectWinnerPrediction]]=1), 0, IF(Table1[[#This Row],[ActualResult]]="OT", 0.85, IF(Table1[[#This Row],[ActualResult]]="SO", 0.95, 0)))) -> 0.8 | Z9: =SUMIF(Table1[GameDate], Table1[[#This Row],[GameDate]], Table1[AwayGameGoalDiff]) -> -3 | AA9: =SUMIF(Table1[GameDate], Table1[[#This Row],[GameDate]], Table1[HomeGameGoalDiff]) -> -1 | AB9: =IF(ISBLANK(Table1[[#This Row],[ActualResult]]), 0, 1) -> 1 | AC9: =IF(ISBLANK(Table1[[#This Row],[ActualResult]]), 0, IF(Table1[[#This Row],[ActualWinner]]=Table1[[#This Row],[PredictedWinner]], 1, 0)) -> 1 | AD9: =IF(Table1[[#This Row],[ActualAwayScore]]>Table1[[#This Row],[PredictedAwayScore]], 0, IF(ISBLANK(Table1[[#This Row],[ActualResult]]), 0, IF(Table1[[#This Row],[ActualAwayScore]]=Table1[[#This Row],[PredictedAwayScore]], 1,0))) -> 0 | AE9: =IF(Table1[[#This Row],[ActualHomeScore]]>Table1[[#This Row],[PredictedHomeScore]], 0, IF(ISBLANK(Table1[[#This Row],[ActualResult]]), 0, IF(Table1[[#This Row],[ActualHomeScore]]=Table1[[#This Row],[PredictedHomeScore]], 1, 0))) -> 0 | AF9: =IF(AND(Table1[[#This Row],[GameIsOver]]=1,Table1[[#This Row],[ActualAwayScore]]=0), 1,0) -> 0 | AG9: =IF(AND(Table1[[#This Row],[GameIsOver]]=1,Table1[[#This Row],[ActualHomeScore]]=0), 1,0) -> 0 | AH9: =IF(Table1[[#This Row],[GameIsOver]]=0,0,IF(Table1[[#This Row],[ActualWinner]]=Table1[[#This Row],[AwayTeam]], 1, 0)) -> 1 | AI9: =IF(Table1[[#This Row],[GameIsOver]]=0,0,IF(Table1[[#This Row],[ActualWinner]]=Table1[[#This Row],[HomeTeam]], 1, 0)) -> 0 | AJ9: =IF(INDEX(Standings!$A$2:$C$33,MATCH(Table1[[#This Row],[AwayTeam]],Standings!$A$2:$A$33,0),2)=INDEX(Standings!$A$2:$C$33,MATCH(Table1[[#This Row],[HomeTeam]],Standings!$A$2:$A$33,0),2),1,0) -> 1 | AK9: =IF(INDEX(Standings!$A$2:$C$33,MATCH(Table1[[#This Row],[AwayTeam]],Standings!$A$2:$A$33,0),3)=INDEX(Standings!$A$2:$C$33,MATCH(Table1[[#This Row],[HomeTeam]],Standings!$A$2:$A$33,0),3),1,0) -> 0 | AL9: =IF(Table1[[#This Row],[InterConf]]=1,IF(Table1[[#This Row],[InterDiv]]=0, 1, 0), 0) -> 1 | AM9: =IF(INDEX(Standings!$A$2:$C$33,MATCH(Table1[[#This Row],[AwayTeam]],Standings!$A$2:$A$33,0),2)<>INDEX(Standings!$A$2:$C$33,MATCH(Table1[[#This Row],[HomeTeam]],Standings!$A$2:$A$33,0),2),1,0) -> 0 | AN9: =INDEX(Table2[AWAY_RECORD], MATCH(Table1[[#This Row],[AwayTeam]],Table2[Team], 0), 0) -> 1-0-0 | AO9: =INDEX(Records!$B$2:$AG$33, MATCH(Table1[[#This Row],[AwayTeam]],Records!$A$2:$A$33, 0), MATCH(Table1[[#This Row],[HomeTeam]],Records!$A$2:$A$33, 0)) -> 1-0-0 | AP9: =INDEX(Table2[HOME_RECORD], MATCH(Table1[[#This Row],[HomeTeam]],Table2[Team], 0), 0) -> 0-0-1 | AQ9: =INDEX(Records!$B$2:$AG$33, MATCH(Table1[[#This Row],[HomeTeam]],Records!$A$2:$A$33, 0), MATCH(Table1[[#This Row],[AwayTeam]],Records!$A$2:$A$33, 0)) -> 0-0-1
C10: =IF(WEEKDAY(Table1[[#This Row],[GameDate]])=1,"SUN",IF(WEEKDAY(Table1[[#This Row],[GameDate]])=2,"MON",IF(WEEKDAY(Table1[[#This Row],[GameDate]])=3,"TUE",IF(WEEKDAY(Table1[[#This Row],[GameDate]])=4,"WED",IF(WEEKDAY(Table1[[#This Row],[GameDate]])=5,"THU",IF(WEEKDAY(Table1[[#This Row],[GameDate]])=6,"FRI", "SAT")))))) -> THU | D10: 2026-10-01 | E10: 20:00 | F10: 2026020009 | G10: PHI | H10: NJD | I10: 3 | J10: 6 | K10: REG | L10: =IF(OR(Table1[[#This Row],[PredictedAwayScore]]=Table1[[#This Row],[PredictedHomeScore]],AND(ISBLANK(Table1[[#This Row],[PredictedAwayScore]]),ISBLANK(Table1[[#This Row],[PredictedHomeScore]]))),"",IF(Table1[[#This Row],[PredictedAwayScore]]>Table1[[#This Row],[PredictedHomeScore]],Table1[[#This Row],[AwayTeam]],Table1[[#This Row],[HomeTeam]])) -> NJD | M10: 3 | N10: 5 | O10: REG | P10: =IF(OR(Table1[[#This Row],[ActualAwayScore]]=Table1[[#This Row],[ActualHomeScore]],AND(ISBLANK(Table1[[#This Row],[ActualAwayScore]]),ISBLANK(Table1[[#This Row],[ActualHomeScore]]))),"",IF(Table1[[#This Row],[ActualAwayScore]]>Table1[[#This Row],[ActualHomeScore]],Table1[[#This Row],[AwayTeam]], Table1[[#This Row],[HomeTeam]])) -> NJD | T10: =IF(Table1[[#This Row],[ActualWinner]]="", "", IF(Table1[[#This Row],[AwayTeam]]=Table1[[#This Row],[ActualWinner]],Table1[[#This Row],[HomeTeam]],Table1[[#This Row],[AwayTeam]])) -> PHI | U10: =Table1[[#This Row],[ActualAwayScore]]-Table1[[#This Row],[PredictedAwayScore]] -> 0 | V10: =Table1[[#This Row],[ActualHomeScore]]-Table1[[#This Row],[PredictedHomeScore]] -> -1 | W10: =(0.8*IF(Table1[[#This Row],[CorrectWinnerPrediction]]=1, 1, 0))+(0.1*IF(Table1[[#This Row],[CorrectAwayScorePrediction]]=1, 1, 0))+(0.1*IF(Table1[[#This Row],[CorrectHomeScorePrediction]]=1, 1, 0)) -> 0.9 | X10: =(0.8*IF(Table1[[#This Row],[CorrectWinnerPrediction]]=1, 1, 0))+(0.1*IF(Table1[[#This Row],[CorrectAwayScorePrediction]]=1, 1, 0))+(0.1*IF(Table1[[#This Row],[CorrectHomeScorePrediction]]=1, 1, 0)) + (0.8 * IF(OR(Table1[[#This Row],[PredictedResult]]="REG",Table1[[#This Row],[CorrectWinnerPrediction]]=1), 0, IF(Table1[[#This Row],[ActualResult]]="OT", 0.85, IF(Table1[[#This Row],[ActualResult]]="SO", 0.95, 0)))) -> 0.9 | Z10: =SUMIF(Table1[GameDate], Table1[[#This Row],[GameDate]], Table1[AwayGameGoalDiff]) -> 3 | AA10: =SUMIF(Table1[GameDate], Table1[[#This Row],[GameDate]], Table1[HomeGameGoalDiff]) -> -4 | AB10: =IF(ISBLANK(Table1[[#This Row],[ActualResult]]), 0, 1) -> 1 | AC10: =IF(ISBLANK(Table1[[#This Row],[ActualResult]]), 0, IF(Table1[[#This Row],[ActualWinner]]=Table1[[#This Row],[PredictedWinner]], 1, 0)) -> 1 | AD10: =IF(Table1[[#This Row],[ActualAwayScore]]>Table1[[#This Row],[PredictedAwayScore]], 0, IF(ISBLANK(Table1[[#This Row],[ActualResult]]), 0, IF(Table1[[#This Row],[ActualAwayScore]]=Table1[[#This Row],[PredictedAwayScore]], 1,0))) -> 1 | AE10: =IF(Table1[[#This Row],[ActualHomeScore]]>Table1[[#This Row],[PredictedHomeScore]], 0, IF(ISBLANK(Table1[[#This Row],[ActualResult]]), 0, IF(Table1[[#This Row],[ActualHomeScore]]=Table1[[#This Row],[PredictedHomeScore]], 1, 0))) -> 0 | AF10: =IF(AND(Table1[[#This Row],[GameIsOver]]=1,Table1[[#This Row],[ActualAwayScore]]=0), 1,0) -> 0 | AG10: =IF(AND(Table1[[#This Row],[GameIsOver]]=1,Table1[[#This Row],[ActualHomeScore]]=0), 1,0) -> 0 | AH10: =IF(Table1[[#This Row],[GameIsOver]]=0,0,IF(Table1[[#This Row],[ActualWinner]]=Table1[[#This Row],[AwayTeam]], 1, 0)) -> 0 | AI10: =IF(Table1[[#This Row],[GameIsOver]]=0,0,IF(Table1[[#This Row],[ActualWinner]]=Table1[[#This Row],[HomeTeam]], 1, 0)) -> 1 | AJ10: =IF(INDEX(Standings!$A$2:$C$33,MATCH(Table1[[#This Row],[AwayTeam]],Standings!$A$2:$A$33,0),2)=INDEX(Standings!$A$2:$C$33,MATCH(Table1[[#This Row],[HomeTeam]],Standings!$A$2:$A$33,0),2),1,0) -> 1 | AK10: =IF(INDEX(Standings!$A$2:$C$33,MATCH(Table1[[#This Row],[AwayTeam]],Standings!$A$2:$A$33,0),3)=INDEX(Standings!$A$2:$C$33,MATCH(Table1[[#This Row],[HomeTeam]],Standings!$A$2:$A$33,0),3),1,0) -> 1 | AL10: =IF(Table1[[#This Row],[InterConf]]=1,IF(Table1[[#This Row],[InterDiv]]=0, 1, 0), 0) -> 0 | AM10: =IF(INDEX(Standings!$A$2:$C$33,MATCH(Table1[[#This Row],[AwayTeam]],Standings!$A$2:$A$33,0),2)<>INDEX(Standings!$A$2:$C$33,MATCH(Table1[[#This Row],[HomeTeam]],Standings!$A$2:$A$33,0),2),1,0) -> 0 | AN10: =INDEX(Table2[AWAY_RECORD], MATCH(Table1[[#This Row],[AwayTeam]],Table2[Team], 0), 0) -> 0-1-0 | AO10: =INDEX(Records!$B$2:$AG$33, MATCH(Table1[[#This Row],[AwayTeam]],Records!$A$2:$A$33, 0), MATCH(Table1[[#This Row],[HomeTeam]],Records!$A$2:$A$33, 0)) -> 0-1-0 | AP10: =INDEX(Table2[HOME_RECORD], MATCH(Table1[[#This Row],[HomeTeam]],Table2[Team], 0), 0) -> 1-0-0 | AQ10: =INDEX(Records!$B$2:$AG$33, MATCH(Table1[[#This Row],[HomeTeam]],Records!$A$2:$A$33, 0), MATCH(Table1[[#This Row],[AwayTeam]],Records!$A$2:$A$33, 0)) -> 1-0-0
C11: =IF(WEEKDAY(Table1[[#This Row],[GameDate]])=1,"SUN",IF(WEEKDAY(Table1[[#This Row],[GameDate]])=2,"MON",IF(WEEKDAY(Table1[[#This Row],[GameDate]])=3,"TUE",IF(WEEKDAY(Table1[[#This Row],[GameDate]])=4,"WED",IF(WEEKDAY(Table1[[#This Row],[GameDate]])=5,"THU",IF(WEEKDAY(Table1[[#This Row],[GameDate]])=6,"FRI", "SAT")))))) -> THU | D11: 2026-10-01 | E11: 20:00 | F11: 2026020010 | G11: TBL | H11: NYR | I11: 3 | J11: 4 | K11: OT | L11: =IF(OR(Table1[[#This Row],[PredictedAwayScore]]=Table1[[#This Row],[PredictedHomeScore]],AND(ISBLANK(Table1[[#This Row],[PredictedAwayScore]]),ISBLANK(Table1[[#This Row],[PredictedHomeScore]]))),"",IF(Table1[[#This Row],[PredictedAwayScore]]>Table1[[#This Row],[PredictedHomeScore]],Table1[[#This Row],[AwayTeam]],Table1[[#This Row],[HomeTeam]])) -> NYR | M11: 3 | N11: 4 | O11: REG | P11: =IF(OR(Table1[[#This Row],[ActualAwayScore]]=Table1[[#This Row],[ActualHomeScore]],AND(ISBLANK(Table1[[#This Row],[ActualAwayScore]]),ISBLANK(Table1[[#This Row],[ActualHomeScore]]))),"",IF(Table1[[#This Row],[ActualAwayScore]]>Table1[[#This Row],[ActualHomeScore]],Table1[[#This Row],[AwayTeam]], Table1[[#This Row],[HomeTeam]])) -> NYR | T11: =IF(Table1[[#This Row],[ActualWinner]]="", "", IF(Table1[[#This Row],[AwayTeam]]=Table1[[#This Row],[ActualWinner]],Table1[[#This Row],[HomeTeam]],Table1[[#This Row],[AwayTeam]])) -> TBL | U11: =Table1[[#This Row],[ActualAwayScore]]-Table1[[#This Row],[PredictedAwayScore]] -> 0 | V11: =Table1[[#This Row],[ActualHomeScore]]-Table1[[#This Row],[PredictedHomeScore]] -> 0 | W11: =(0.8*IF(Table1[[#This Row],[CorrectWinnerPrediction]]=1, 1, 0))+(0.1*IF(Table1[[#This Row],[CorrectAwayScorePrediction]]=1, 1, 0))+(0.1*IF(Table1[[#This Row],[CorrectHomeScorePrediction]]=1, 1, 0)) -> 1 | X11: =(0.8*IF(Table1[[#This Row],[CorrectWinnerPrediction]]=1, 1, 0))+(0.1*IF(Table1[[#This Row],[CorrectAwayScorePrediction]]=1, 1, 0))+(0.1*IF(Table1[[#This Row],[CorrectHomeScorePrediction]]=1, 1, 0)) + (0.8 * IF(OR(Table1[[#This Row],[PredictedResult]]="REG",Table1[[#This Row],[CorrectWinnerPrediction]]=1), 0, IF(Table1[[#This Row],[ActualResult]]="OT", 0.85, IF(Table1[[#This Row],[ActualResult]]="SO", 0.95, 0)))) -> 1 | Z11: =SUMIF(Table1[GameDate], Table1[[#This Row],[GameDate]], Table1[AwayGameGoalDiff]) -> 3 | AA11: =SUMIF(Table1[GameDate], Table1[[#This Row],[GameDate]], Table1[HomeGameGoalDiff]) -> -4 | AB11: =IF(ISBLANK(Table1[[#This Row],[ActualResult]]), 0, 1) -> 1 | AC11: =IF(ISBLANK(Table1[[#This Row],[ActualResult]]), 0, IF(Table1[[#This Row],[ActualWinner]]=Table1[[#This Row],[PredictedWinner]], 1, 0)) -> 1 | AD11: =IF(Table1[[#This Row],[ActualAwayScore]]>Table1[[#This Row],[PredictedAwayScore]], 0, IF(ISBLANK(Table1[[#This Row],[ActualResult]]), 0, IF(Table1[[#This Row],[ActualAwayScore]]=Table1[[#This Row],[PredictedAwayScore]], 1,0))) -> 1 | AE11: =IF(Table1[[#This Row],[ActualHomeScore]]>Table1[[#This Row],[PredictedHomeScore]], 0, IF(ISBLANK(Table1[[#This Row],[ActualResult]]), 0, IF(Table1[[#This Row],[ActualHomeScore]]=Table1[[#This Row],[PredictedHomeScore]], 1, 0))) -> 1 | AF11: =IF(AND(Table1[[#This Row],[GameIsOver]]=1,Table1[[#This Row],[ActualAwayScore]]=0), 1,0) -> 0 | AG11: =IF(AND(Table1[[#This Row],[GameIsOver]]=1,Table1[[#This Row],[ActualHomeScore]]=0), 1,0) -> 0 | AH11: =IF(Table1[[#This Row],[GameIsOver]]=0,0,IF(Table1[[#This Row],[ActualWinner]]=Table1[[#This Row],[AwayTeam]], 1, 0)) -> 0 | AI11: =IF(Table1[[#This Row],[GameIsOver]]=0,0,IF(Table1[[#This Row],[ActualWinner]]=Table1[[#This Row],[HomeTeam]], 1, 0)) -> 1 | AJ11: =IF(INDEX(Standings!$A$2:$C$33,MATCH(Table1[[#This Row],[AwayTeam]],Standings!$A$2:$A$33,0),2)=INDEX(Standings!$A$2:$C$33,MATCH(Table1[[#This Row],[HomeTeam]],Standings!$A$2:$A$33,0),2),1,0) -> 1 | AK11: =IF(INDEX(Standings!$A$2:$C$33,MATCH(Table1[[#This Row],[AwayTeam]],Standings!$A$2:$A$33,0),3)=INDEX(Standings!$A$2:$C$33,MATCH(Table1[[#This Row],[HomeTeam]],Standings!$A$2:$A$33,0),3),1,0) -> 0 | AL11: =IF(Table1[[#This Row],[InterConf]]=1,IF(Table1[[#This Row],[InterDiv]]=0, 1, 0), 0) -> 1 | AM11: =IF(INDEX(Standings!$A$2:$C$33,MATCH(Table1[[#This Row],[AwayTeam]],Standings!$A$2:$A$33,0),2)<>INDEX(Standings!$A$2:$C$33,MATCH(Table1[[#This Row],[HomeTeam]],Standings!$A$2:$A$33,0),2),1,0) -> 0 | AN11: =INDEX(Table2[AWAY_RECORD], MATCH(Table1[[#This Row],[AwayTeam]],Table2[Team], 0), 0) -> 0-1-0 | AO11: =INDEX(Records!$B$2:$AG$33, MATCH(Table1[[#This Row],[AwayTeam]],Records!$A$2:$A$33, 0), MATCH(Table1[[#This Row],[HomeTeam]],Records!$A$2:$A$33, 0)) -> 0-1-0 | AP11: =INDEX(Table2[HOME_RECORD], MATCH(Table1[[#This Row],[HomeTeam]],Table2[Team], 0), 0) -> 1-0-0 | AQ11: =INDEX(Records!$B$2:$AG$33, MATCH(Table1[[#This Row],[HomeTeam]],Records!$A$2:$A$33, 0), MATCH(Table1[[#This Row],[AwayTeam]],Records!$A$2:$A$33, 0)) -> 1-0-0
C12: =IF(WEEKDAY(Table1[[#This Row],[GameDate]])=1,"SUN",IF(WEEKDAY(Table1[[#This Row],[GameDate]])=2,"MON",IF(WEEKDAY(Table1[[#This Row],[GameDate]])=3,"TUE",IF(WEEKDAY(Table1[[#This Row],[GameDate]])=4,"WED",IF(WEEKDAY(Table1[[#This Row],[GameDate]])=5,"THU",IF(WEEKDAY(Table1[[#This Row],[GameDate]])=6,"FRI", "SAT")))))) -> THU | D12: 2026-10-01 | E12: 20:00 | F12: 2026020011 | G12: BUF | H12: CBJ | I12: 4 | J12: 5 | K12: REG | L12: =IF(OR(Table1[[#This Row],[PredictedAwayScore]]=Table1[[#This Row],[PredictedHomeScore]],AND(ISBLANK(Table1[[#This Row],[PredictedAwayScore]]),ISBLANK(Table1[[#This Row],[PredictedHomeScore]]))),"",IF(Table1[[#This Row],[PredictedAwayScore]]>Table1[[#This Row],[PredictedHomeScore]],Table1[[#This Row],[AwayTeam]],Table1[[#This Row],[HomeTeam]])) -> CBJ | M12: 2 | N12: 3 | O12: SO | P12: =IF(OR(Table1[[#This Row],[ActualAwayScore]]=Table1[[#This Row],[ActualHomeScore]],AND(ISBLANK(Table1[[#This Row],[ActualAwayScore]]),ISBLANK(Table1[[#This Row],[ActualHomeScore]]))),"",IF(Table1[[#This Row],[ActualAwayScore]]>Table1[[#This Row],[ActualHomeScore]],Table1[[#This Row],[AwayTeam]], Table1[[#This Row],[HomeTeam]])) -> CBJ | T12: =IF(Table1[[#This Row],[ActualWinner]]="", "", IF(Table1[[#This Row],[AwayTeam]]=Table1[[#This Row],[ActualWinner]],Table1[[#This Row],[HomeTeam]],Table1[[#This Row],[AwayTeam]])) -> BUF | U12: =Table1[[#This Row],[ActualAwayScore]]-Table1[[#This Row],[PredictedAwayScore]] -> -2 | V12: =Table1[[#This Row],[ActualHomeScore]]-Table1[[#This Row],[PredictedHomeScore]] -> -2 | W12: =(0.8*IF(Table1[[#This Row],[CorrectWinnerPrediction]]=1, 1, 0))+(0.1*IF(Table1[[#This Row],[CorrectAwayScorePrediction]]=1, 1, 0))+(0.1*IF(Table1[[#This Row],[CorrectHomeScorePrediction]]=1, 1, 0)) -> 0.8 | X12: =(0.8*IF(Table1[[#This Row],[CorrectWinnerPrediction]]=1, 1, 0))+(0.1*IF(Table1[[#This Row],[CorrectAwayScorePrediction]]=1, 1, 0))+(0.1*IF(Table1[[#This Row],[CorrectHomeScorePrediction]]=1, 1, 0)) + (0.8 * IF(OR(Table1[[#This Row],[PredictedResult]]="REG",Table1[[#This Row],[CorrectWinnerPrediction]]=1), 0, IF(Table1[[#This Row],[ActualResult]]="OT", 0.85, IF(Table1[[#This Row],[ActualResult]]="SO", 0.95, 0)))) -> 0.8 | Z12: =SUMIF(Table1[GameDate], Table1[[#This Row],[GameDate]], Table1[AwayGameGoalDiff]) -> 3 | AA12: =SUMIF(Table1[GameDate], Table1[[#This Row],[GameDate]], Table1[HomeGameGoalDiff]) -> -4 | AB12: =IF(ISBLANK(Table1[[#This Row],[ActualResult]]), 0, 1) -> 1 | AC12: =IF(ISBLANK(Table1[[#This Row],[ActualResult]]), 0, IF(Table1[[#This Row],[ActualWinner]]=Table1[[#This Row],[PredictedWinner]], 1, 0)) -> 1 | AD12: =IF(Table1[[#This Row],[ActualAwayScore]]>Table1[[#This Row],[PredictedAwayScore]], 0, IF(ISBLANK(Table1[[#This Row],[ActualResult]]), 0, IF(Table1[[#This Row],[ActualAwayScore]]=Table1[[#This Row],[PredictedAwayScore]], 1,0))) -> 0 | AE12: =IF(Table1[[#This Row],[ActualHomeScore]]>Table1[[#This Row],[PredictedHomeScore]], 0, IF(ISBLANK(Table1[[#This Row],[ActualResult]]), 0, IF(Table1[[#This Row],[ActualHomeScore]]=Table1[[#This Row],[PredictedHomeScore]], 1, 0))) -> 0 | AF12: =IF(AND(Table1[[#This Row],[GameIsOver]]=1,Table1[[#This Row],[ActualAwayScore]]=0), 1,0) -> 0 | AG12: =IF(AND(Table1[[#This Row],[GameIsOver]]=1,Table1[[#This Row],[ActualHomeScore]]=0), 1,0) -> 0 | AH12: =IF(Table1[[#This Row],[GameIsOver]]=0,0,IF(Table1[[#This Row],[ActualWinner]]=Table1[[#This Row],[AwayTeam]], 1, 0)) -> 0 | AI12: =IF(Table1[[#This Row],[GameIsOver]]=0,0,IF(Table1[[#This Row],[ActualWinner]]=Table1[[#This Row],[HomeTeam]], 1, 0)) -> 1 | AJ12: =IF(INDEX(Standings!$A$2:$C$33,MATCH(Table1[[#This Row],[AwayTeam]],Standings!$A$2:$A$33,0),2)=INDEX(Standings!$A$2:$C$33,MATCH(Table1[[#This Row],[HomeTeam]],Standings!$A$2:$A$33,0),2),1,0) -> 1 | AK12: =IF(INDEX(Standings!$A$2:$C$33,MATCH(Table1[[#This Row],[AwayTeam]],Standings!$A$2:$A$33,0),3)=INDEX(Standings!$A$2:$C$33,MATCH(Table1[[#This Row],[HomeTeam]],Standings!$A$2:$A$33,0),3),1,0) -> 0 | AL12: =IF(Table1[[#This Row],[InterConf]]=1,IF(Table1[[#This Row],[InterDiv]]=0, 1, 0), 0) -> 1 | AM12: =IF(INDEX(Standings!$A$2:$C$33,MATCH(Table1[[#This Row],[AwayTeam]],Standings!$A$2:$A$33,0),2)<>INDEX(Standings!$A$2:$C$33,MATCH(Table1[[#This Row],[HomeTeam]],Standings!$A$2:$A$33,0),2),1,0) -> 0 | AN12: =INDEX(Table2[AWAY_RECORD], MATCH(Table1[[#This Row],[AwayTeam]],Table2[Team], 0), 0) -> 0-0-1 | AO12: =INDEX(Records!$B$2:$AG$33, MATCH(Table1[[#This Row],[AwayTeam]],Records!$A$2:$A$33, 0), MATCH(Table1[[#This Row],[HomeTeam]],Records!$A$2:$A$33, 0)) -> 0-0-1 | AP12: =INDEX(Table2[HOME_RECORD], MATCH(Table1[[#This Row],[HomeTeam]],Table2[Team], 0), 0) -> 1-0-0 | AQ12: =INDEX(Records!$B$2:$AG$33, MATCH(Table1[[#This Row],[HomeTeam]],Records!$A$2:$A$33, 0), MATCH(Table1[[#This Row],[AwayTeam]],Records!$A$2:$A$33, 0)) -> 1-0-0
C13: =IF(WEEKDAY(Table1[[#This Row],[GameDate]])=1,"SUN",IF(WEEKDAY(Table1[[#This Row],[GameDate]])=2,"MON",IF(WEEKDAY(Table1[[#This Row],[GameDate]])=3,"TUE",IF(WEEKDAY(Table1[[#This Row],[GameDate]])=4,"WED",IF(WEEKDAY(Table1[[#This Row],[GameDate]])=5,"THU",IF(WEEKDAY(Table1[[#This Row],[GameDate]])=6,"FRI", "SAT")))))) -> THU | D13: 2026-10-01 | E13: 21:00 | F13: 2026020012 | G13: MIN | H13: NSH | I13: 1 | J13: 3 | K13: REG | L13: =IF(OR(Table1[[#This Row],[PredictedAwayScore]]=Table1[[#This Row],[PredictedHomeScore]],AND(ISBLANK(Table1[[#This Row],[PredictedAwayScore]]),ISBLANK(Table1[[#This Row],[PredictedHomeScore]]))),"",IF(Table1[[#This Row],[PredictedAwayScore]]>Table1[[#This Row],[PredictedHomeScore]],Table1[[#This Row],[AwayTeam]],Table1[[#This Row],[HomeTeam]])) -> NSH | M13: 2 | N13: 3 | O13: SO | P13: =IF(OR(Table1[[#This Row],[ActualAwayScore]]=Table1[[#This Row],[ActualHomeScore]],AND(ISBLANK(Table1[[#This Row],[ActualAwayScore]]),ISBLANK(Table1[[#This Row],[ActualHomeScore]]))),"",IF(Table1[[#This Row],[ActualAwayScore]]>Table1[[#This Row],[ActualHomeScore]],Table1[[#This Row],[AwayTeam]], Table1[[#This Row],[HomeTeam]])) -> NSH | T13: =IF(Table1[[#This Row],[ActualWinner]]="", "", IF(Table1[[#This Row],[AwayTeam]]=Table1[[#This Row],[ActualWinner]],Table1[[#This Row],[HomeTeam]],Table1[[#This Row],[AwayTeam]])) -> MIN | U13: =Table1[[#This Row],[ActualAwayScore]]-Table1[[#This Row],[PredictedAwayScore]] -> 1 | V13: =Table1[[#This Row],[ActualHomeScore]]-Table1[[#This Row],[PredictedHomeScore]] -> 0 | W13: =(0.8*IF(Table1[[#This Row],[CorrectWinnerPrediction]]=1, 1, 0))+(0.1*IF(Table1[[#This Row],[CorrectAwayScorePrediction]]=1, 1, 0))+(0.1*IF(Table1[[#This Row],[CorrectHomeScorePrediction]]=1, 1, 0)) -> 0.9 | X13: =(0.8*IF(Table1[[#This Row],[CorrectWinnerPrediction]]=1, 1, 0))+(0.1*IF(Table1[[#This Row],[CorrectAwayScorePrediction]]=1, 1, 0))+(0.1*IF(Table1[[#This Row],[CorrectHomeScorePrediction]]=1, 1, 0)) + (0.8 * IF(OR(Table1[[#This Row],[PredictedResult]]="REG",Table1[[#This Row],[CorrectWinnerPrediction]]=1), 0, IF(Table1[[#This Row],[ActualResult]]="OT", 0.85, IF(Table1[[#This Row],[ActualResult]]="SO", 0.95, 0)))) -> 0.9 | Z13: =SUMIF(Table1[GameDate], Table1[[#This Row],[GameDate]], Table1[AwayGameGoalDiff]) -> 3 | AA13: =SUMIF(Table1[GameDate], Table1[[#This Row],[GameDate]], Table1[HomeGameGoalDiff]) -> -4 | AB13: =IF(ISBLANK(Table1[[#This Row],[ActualResult]]), 0, 1) -> 1 | AC13: =IF(ISBLANK(Table1[[#This Row],[ActualResult]]), 0, IF(Table1[[#This Row],[ActualWinner]]=Table1[[#This Row],[PredictedWinner]], 1, 0)) -> 1 | AD13: =IF(Table1[[#This Row],[ActualAwayScore]]>Table1[[#This Row],[PredictedAwayScore]], 0, IF(ISBLANK(Table1[[#This Row],[ActualResult]]), 0, IF(Table1[[#This Row],[ActualAwayScore]]=Table1[[#This Row],[PredictedAwayScore]], 1,0))) -> 0 | AE13: =IF(Table1[[#This Row],[ActualHomeScore]]>Table1[[#This Row],[PredictedHomeScore]], 0, IF(ISBLANK(Table1[[#This Row],[ActualResult]]), 0, IF(Table1[[#This Row],[ActualHomeScore]]=Table1[[#This Row],[PredictedHomeScore]], 1, 0))) -> 1 | AF13: =IF(AND(Table1[[#This Row],[GameIsOver]]=1,Table1[[#This Row],[ActualAwayScore]]=0), 1,0) -> 0 | AG13: =IF(AND(Table1[[#This Row],[GameIsOver]]=1,Table1[[#This Row],[ActualHomeScore]]=0), 1,0) -> 0 | AH13: =IF(Table1[[#This Row],[GameIsOver]]=0,0,IF(Table1[[#This Row],[ActualWinner]]=Table1[[#This Row],[AwayTeam]], 1, 0)) -> 0 | AI13: =IF(Table1[[#This Row],[GameIsOver]]=0,0,IF(Table1[[#This Row],[ActualWinner]]=Table1[[#This Row],[HomeTeam]], 1, 0)) -> 1 | AJ13: =IF(INDEX(Standings!$A$2:$C$33,MATCH(Table1[[#This Row],[AwayTeam]],Standings!$A$2:$A$33,0),2)=INDEX(Standings!$A$2:$C$33,MATCH(Table1[[#This Row],[HomeTeam]],Standings!$A$2:$A$33,0),2),1,0) -> 1 | AK13: =IF(INDEX(Standings!$A$2:$C$33,MATCH(Table1[[#This Row],[AwayTeam]],Standings!$A$2:$A$33,0),3)=INDEX(Standings!$A$2:$C$33,MATCH(Table1[[#This Row],[HomeTeam]],Standings!$A$2:$A$33,0),3),1,0) -> 1 | AL13: =IF(Table1[[#This Row],[InterConf]]=1,IF(Table1[[#This Row],[InterDiv]]=0, 1, 0), 0) -> 0 | AM13: =IF(INDEX(Standings!$A$2:$C$33,MATCH(Table1[[#This Row],[AwayTeam]],Standings!$A$2:$A$33,0),2)<>INDEX(Standings!$A$2:$C$33,MATCH(Table1[[#This Row],[HomeTeam]],Standings!$A$2:$A$33,0),2),1,0) -> 0 | AN13: =INDEX(Table2[AWAY_RECORD], MATCH(Table1[[#This Row],[AwayTeam]],Table2[Team], 0), 0) -> 0-0-1 | AO13: =INDEX(Records!$B$2:$AG$33, MATCH(Table1[[#This Row],[AwayTeam]],Records!$A$2:$A$33, 0), MATCH(Table1[[#This Row],[HomeTeam]],Records!$A$2:$A$33, 0)) -> 0-0-1 | AP13: =INDEX(Table2[HOME_RECORD], MATCH(Table1[[#This Row],[HomeTeam]],Table2[Team], 0), 0) -> 1-0-0 | AQ13: =INDEX(Records!$B$2:$AG$33, MATCH(Table1[[#This Row],[HomeTeam]],Records!$A$2:$A$33, 0), MATCH(Table1[[#This Row],[AwayTeam]],Records!$A$2:$A$33, 0)) -> 1-0-0
C14: =IF(WEEKDAY(Table1[[#This Row],[GameDate]])=1,"SUN",IF(WEEKDAY(Table1[[#This Row],[GameDate]])=2,"MON",IF(WEEKDAY(Table1[[#This Row],[GameDate]])=3,"TUE",IF(WEEKDAY(Table1[[#This Row],[GameDate]])=4,"WED",IF(WEEKDAY(Table1[[#This Row],[GameDate]])=5,"THU",IF(WEEKDAY(Table1[[#This Row],[GameDate]])=6,"FRI", "SAT")))))) -> THU | D14: 2026-10-01 | E14: 22:00 | F14: 2026020013 | G14: CHI | H14: UTA | I14: 1 | J14: 2 | K14: REG | L14: =IF(OR(Table1[[#This Row],[PredictedAwayScore]]=Table1[[#This Row],[PredictedHomeScore]],AND(ISBLANK(Table1[[#This Row],[PredictedAwayScore]]),ISBLANK(Table1[[#This Row],[PredictedHomeScore]]))),"",IF(Table1[[#This Row],[PredictedAwayScore]]>Table1[[#This Row],[PredictedHomeScore]],Table1[[#This Row],[AwayTeam]],Table1[[#This Row],[HomeTeam]])) -> UTA | M14: 2 | N14: 3 | O14: SO | P14: =IF(OR(Table1[[#This Row],[ActualAwayScore]]=Table1[[#This Row],[ActualHomeScore]],AND(ISBLANK(Table1[[#This Row],[ActualAwayScore]]),ISBLANK(Table1[[#This Row],[ActualHomeScore]]))),"",IF(Table1[[#This Row],[ActualAwayScore]]>Table1[[#This Row],[ActualHomeScore]],Table1[[#This Row],[AwayTeam]], Table1[[#This Row],[HomeTeam]])) -> UTA | T14: =IF(Table1[[#This Row],[ActualWinner]]="", "", IF(Table1[[#This Row],[AwayTeam]]=Table1[[#This Row],[ActualWinner]],Table1[[#This Row],[HomeTeam]],Table1[[#This Row],[AwayTeam]])) -> CHI | U14: =Table1[[#This Row],[ActualAwayScore]]-Table1[[#This Row],[PredictedAwayScore]] -> 1 | V14: =Table1[[#This Row],[ActualHomeScore]]-Table1[[#This Row],[PredictedHomeScore]] -> 1 | W14: =(0.8*IF(Table1[[#This Row],[CorrectWinnerPrediction]]=1, 1, 0))+(0.1*IF(Table1[[#This Row],[CorrectAwayScorePrediction]]=1, 1, 0))+(0.1*IF(Table1[[#This Row],[CorrectHomeScorePrediction]]=1, 1, 0)) -> 0.8 | X14: =(0.8*IF(Table1[[#This Row],[CorrectWinnerPrediction]]=1, 1, 0))+(0.1*IF(Table1[[#This Row],[CorrectAwayScorePrediction]]=1, 1, 0))+(0.1*IF(Table1[[#This Row],[CorrectHomeScorePrediction]]=1, 1, 0)) + (0.8 * IF(OR(Table1[[#This Row],[PredictedResult]]="REG",Table1[[#This Row],[CorrectWinnerPrediction]]=1), 0, IF(Table1[[#This Row],[ActualResult]]="OT", 0.85, IF(Table1[[#This Row],[ActualResult]]="SO", 0.95, 0)))) -> 0.8 | Z14: =SUMIF(Table1[GameDate], Table1[[#This Row],[GameDate]], Table1[AwayGameGoalDiff]) -> 3 | AA14: =SUMIF(Table1[GameDate], Table1[[#This Row],[GameDate]], Table1[HomeGameGoalDiff]) -> -4 | AB14: =IF(ISBLANK(Table1[[#This Row],[ActualResult]]), 0, 1) -> 1 | AC14: =IF(ISBLANK(Table1[[#This Row],[ActualResult]]), 0, IF(Table1[[#This Row],[ActualWinner]]=Table1[[#This Row],[PredictedWinner]], 1, 0)) -> 1 | AD14: =IF(Table1[[#This Row],[ActualAwayScore]]>Table1[[#This Row],[PredictedAwayScore]], 0, IF(ISBLANK(Table1[[#This Row],[ActualResult]]), 0, IF(Table1[[#This Row],[ActualAwayScore]]=Table1[[#This Row],[PredictedAwayScore]], 1,0))) -> 0 | AE14: =IF(Table1[[#This Row],[ActualHomeScore]]>Table1[[#This Row],[PredictedHomeScore]], 0, IF(ISBLANK(Table1[[#This Row],[ActualResult]]), 0, IF(Table1[[#This Row],[ActualHomeScore]]=Table1[[#This Row],[PredictedHomeScore]], 1, 0))) -> 0 | AF14: =IF(AND(Table1[[#This Row],[GameIsOver]]=1,Table1[[#This Row],[ActualAwayScore]]=0), 1,0) -> 0 | AG14: =IF(AND(Table1[[#This Row],[GameIsOver]]=1,Table1[[#This Row],[ActualHomeScore]]=0), 1,0) -> 0 | AH14: =IF(Table1[[#This Row],[GameIsOver]]=0,0,IF(Table1[[#This Row],[ActualWinner]]=Table1[[#This Row],[AwayTeam]], 1, 0)) -> 0 | AI14: =IF(Table1[[#This Row],[GameIsOver]]=0,0,IF(Table1[[#This Row],[ActualWinner]]=Table1[[#This Row],[HomeTeam]], 1, 0)) -> 1 | AJ14: =IF(INDEX(Standings!$A$2:$C$33,MATCH(Table1[[#This Row],[AwayTeam]],Standings!$A$2:$A$33,0),2)=INDEX(Standings!$A$2:$C$33,MATCH(Table1[[#This Row],[HomeTeam]],Standings!$A$2:$A$33,0),2),1,0) -> 1 | AK14: =IF(INDEX(Standings!$A$2:$C$33,MATCH(Table1[[#This Row],[AwayTeam]],Standings!$A$2:$A$33,0),3)=INDEX(Standings!$A$2:$C$33,MATCH(Table1[[#This Row],[HomeTeam]],Standings!$A$2:$A$33,0),3),1,0) -> 1 | AL14: =IF(Table1[[#This Row],[InterConf]]=1,IF(Table1[[#This Row],[InterDiv]]=0, 1, 0), 0) -> 0 | AM14: =IF(INDEX(Standings!$A$2:$C$33,MATCH(Table1[[#This Row],[AwayTeam]],Standings!$A$2:$A$33,0),2)<>INDEX(Standings!$A$2:$C$33,MATCH(Table1[[#This Row],[HomeTeam]],Standings!$A$2:$A$33,0),2),1,0) -> 0 | AN14: =INDEX(Table2[AWAY_RECORD], MATCH(Table1[[#This Row],[AwayTeam]],Table2[Team], 0), 0) -> 1-0-1 | AO14: =INDEX(Records!$B$2:$AG$33, MATCH(Table1[[#This Row],[AwayTeam]],Records!$A$2:$A$33, 0), MATCH(Table1[[#This Row],[HomeTeam]],Records!$A$2:$A$33, 0)) -> 0-0-1 | AP14: =INDEX(Table2[HOME_RECORD], MATCH(Table1[[#This Row],[HomeTeam]],Table2[Team], 0), 0) -> 1-0-0 | AQ14: =INDEX(Records!$B$2:$AG$33, MATCH(Table1[[#This Row],[HomeTeam]],Records!$A$2:$A$33, 0), MATCH(Table1[[#This Row],[AwayTeam]],Records!$A$2:$A$33, 0)) -> 1-0-0
... C20: =IF(WEEKDAY(Table1[[#This Row],[GameDate]])=1,"SUN",IF(WEEKDAY(Table1[[#This Row],[GameDate]])=2,"MON",IF(WEEKDAY(Table1[[#This Row],[GameDate]])=3,"TUE",IF(WEEKDAY(Table1[[#This Row],[GameDate]])=4,"WED",IF(WEEKDAY(Table1[[#This Row],[GameDate]])=5,"THU",IF(WEEKDAY(Table1[[#This Row],[GameDate]])=6,"FRI", "SAT")))))) -> FRI | D20: 2026-10-02 | E20: 21:00 | F20: 2026020019 | G20: BOS | H20: WPG | I20: 4 | J20: 3 | K20: SO | L20: =IF(OR(Table1[[#This Row],[PredictedAwayScore]]=Table1[[#This Row],[PredictedHomeScore]],AND(ISBLANK(Table1[[#This Row],[PredictedAwayScore]]),ISBLANK(Table1[[#This Row],[PredictedHomeScore]]))),"",IF(Table1[[#This Row],[PredictedAwayScore]]>Table1[[#This Row],[PredictedHomeScore]],Table1[[#This Row],[AwayTeam]],Table1[[#This Row],[HomeTeam]])) -> BOS | M20: 3 | N20: 4 | O20: SO | P20: =IF(OR(Table1[[#This Row],[ActualAwayScore]]=Table1[[#This Row],[ActualHomeScore]],AND(ISBLANK(Table1[[#This Row],[ActualAwayScore]]),ISBLANK(Table1[[#This Row],[ActualHomeScore]]))),"",IF(Table1[[#This Row],[ActualAwayScore]]>Table1[[#This Row],[ActualHomeScore]],Table1[[#This Row],[AwayTeam]], Table1[[#This Row],[HomeTeam]])) -> WPG | T20: =IF(Table1[[#This Row],[ActualWinner]]="", "", IF(Table1[[#This Row],[AwayTeam]]=Table1[[#This Row],[ActualWinner]],Table1[[#This Row],[HomeTeam]],Table1[[#This Row],[AwayTeam]])) -> BOS | U20: =Table1[[#This Row],[ActualAwayScore]]-Table1[[#This Row],[PredictedAwayScore]] -> -1 | V20: =Table1[[#This Row],[ActualHomeScore]]-Table1[[#This Row],[PredictedHomeScore]] -> 1 | W20: =(0.8*IF(Table1[[#This Row],[CorrectWinnerPrediction]]=1, 1, 0))+(0.1*IF(Table1[[#This Row],[CorrectAwayScorePrediction]]=1, 1, 0))+(0.1*IF(Table1[[#This Row],[CorrectHomeScorePrediction]]=1, 1, 0)) -> 0 | X20: =(0.8*IF(Table1[[#This Row],[CorrectWinnerPrediction]]=1, 1, 0))+(0.1*IF(Table1[[#This Row],[CorrectAwayScorePrediction]]=1, 1, 0))+(0.1*IF(Table1[[#This Row],[CorrectHomeScorePrediction]]=1, 1, 0)) + (0.8 * IF(OR(Table1[[#This Row],[PredictedResult]]="REG",Table1[[#This Row],[CorrectWinnerPrediction]]=1), 0, IF(Table1[[#This Row],[ActualResult]]="OT", 0.85, IF(Table1[[#This Row],[ActualResult]]="SO", 0.95, 0)))) -> 0.76 | Z20: =SUMIF(Table1[GameDate], Table1[[#This Row],[GameDate]], Table1[AwayGameGoalDiff]) -> -1 | AA20: =SUMIF(Table1[GameDate], Table1[[#This Row],[GameDate]], Table1[HomeGameGoalDiff]) -> 1 | AB20: =IF(ISBLANK(Table1[[#This Row],[ActualResult]]), 0, 1) -> 1 | AC20: =IF(ISBLANK(Table1[[#This Row],[ActualResult]]), 0, IF(Table1[[#This Row],[ActualWinner]]=Table1[[#This Row],[PredictedWinner]], 1, 0)) -> 0 | AD20: =IF(Table1[[#This Row],[ActualAwayScore]]>Table1[[#This Row],[PredictedAwayScore]], 0, IF(ISBLANK(Table1[[#This Row],[ActualResult]]), 0, IF(Table1[[#This Row],[ActualAwayScore]]=Table1[[#This Row],[PredictedAwayScore]], 1,0))) -> 0 | AE20: =IF(Table1[[#This Row],[ActualHomeScore]]>Table1[[#This Row],[PredictedHomeScore]], 0, IF(ISBLANK(Table1[[#This Row],[ActualResult]]), 0, IF(Table1[[#This Row],[ActualHomeScore]]=Table1[[#This Row],[PredictedHomeScore]], 1, 0))) -> 0 | AF20: =IF(AND(Table1[[#This Row],[GameIsOver]]=1,Table1[[#This Row],[ActualAwayScore]]=0), 1,0) -> 0 | AG20: =IF(AND(Table1[[#This Row],[GameIsOver]]=1,Table1[[#This Row],[ActualHomeScore]]=0), 1,0) -> 0 | AH20: =IF(Table1[[#This Row],[GameIsOver]]=0,0,IF(Table1[[#This Row],[ActualWinner]]=Table1[[#This Row],[AwayTeam]], 1, 0)) -> 0 | AI20: =IF(Table1[[#This Row],[GameIsOver]]=0,0,IF(Table1[[#This Row],[ActualWinner]]=Table1[[#This Row],[HomeTeam]], 1, 0)) -> 1 | AJ20: =IF(INDEX(Standings!$A$2:$C$33,MATCH(Table1[[#This Row],[AwayTeam]],Standings!$A$2:$A$33,0),2)=INDEX(Standings!$A$2:$C$33,MATCH(Table1[[#This Row],[HomeTeam]],Standings!$A$2:$A$33,0),2),1,0) -> 0 | AK20: =IF(INDEX(Standings!$A$2:$C$33,MATCH(Table1[[#This Row],[AwayTeam]],Standings!$A$2:$A$33,0),3)=INDEX(Standings!$A$2:$C$33,MATCH(Table1[[#This Row],[HomeTeam]],Standings!$A$2:$A$33,0),3),1,0) -> 0 | AL20: =IF(Table1[[#This Row],[InterConf]]=1,IF(Table1[[#This Row],[InterDiv]]=0, 1, 0), 0) -> 0 | AM20: =IF(INDEX(Standings!$A$2:$C$33,MATCH(Table1[[#This Row],[AwayTeam]],Standings!$A$2:$A$33,0),2)<>INDEX(Standings!$A$2:$C$33,MATCH(Table1[[#This Row],[HomeTeam]],Standings!$A$2:$A$33,0),2),1,0) -> 1 | AN20: =INDEX(Table2[AWAY_RECORD], MATCH(Table1[[#This Row],[AwayTeam]],Table2[Team], 0), 0) -> 0-0-1 | AO20: =INDEX(Records!$B$2:$AG$33, MATCH(Table1[[#This Row],[AwayTeam]],Records!$A$2:$A$33, 0), MATCH(Table1[[#This Row],[HomeTeam]],Records!$A$2:$A$33, 0)) -> 0-0-1 | AP20: =INDEX(Table2[HOME_RECORD], MATCH(Table1[[#This Row],[HomeTeam]],Table2[Team], 0), 0) -> 1-0-0 | AQ20: =INDEX(Records!$B$2:$AG$33, MATCH(Table1[[#This Row],[HomeTeam]],Records!$A$2:$A$33, 0), MATCH(Table1[[#This Row],[AwayTeam]],Records!$A$2:$A$33, 0)) -> 1-0-0
D21: 2026-10-02 | E21: 22:00 | F21: 2026020020 | G21: STL | H21: DAL | L21: =IF(OR(Table1[[#This Row],[PredictedAwayScore]]=Table1[[#This Row],[PredictedHomeScore]],AND(ISBLANK(Table1[[#This Row],[PredictedAwayScore]]),ISBLANK(Table1[[#This Row],[PredictedHomeScore]]))),"",IF(Table1[[#This Row],[PredictedAwayScore]]>Table1[[#This Row],[PredictedHomeScore]],Table1[[#This Row],[AwayTeam]],Table1[[#This Row],[HomeTeam]])) | P21: =IF(OR(Table1[[#This Row],[ActualAwayScore]]=Table1[[#This Row],[ActualHomeScore]],AND(ISBLANK(Table1[[#This Row],[ActualAwayScore]]),ISBLANK(Table1[[#This Row],[ActualHomeScore]]))),"",IF(Table1[[#This Row],[ActualAwayScore]]>Table1[[#This Row],[ActualHomeScore]],Table1[[#This Row],[AwayTeam]], Table1[[#This Row],[HomeTeam]])) | T21: =IF(Table1[[#This Row],[ActualWinner]]="", "", IF(Table1[[#This Row],[AwayTeam]]=Table1[[#This Row],[ActualWinner]],Table1[[#This Row],[HomeTeam]],Table1[[#This Row],[AwayTeam]])) | U21: =Table1[[#This Row],[ActualAwayScore]]-Table1[[#This Row],[PredictedAwayScore]] -> 0 | V21: =Table1[[#This Row],[ActualHomeScore]]-Table1[[#This Row],[PredictedHomeScore]] -> 0 | W21: =(0.8*IF(Table1[[#This Row],[CorrectWinnerPrediction]]=1, 1, 0))+(0.1*IF(Table1[[#This Row],[CorrectAwayScorePrediction]]=1, 1, 0))+(0.1*IF(Table1[[#This Row],[CorrectHomeScorePrediction]]=1, 1, 0)) -> 0 | X21: =(0.8*IF(Table1[[#This Row],[CorrectWinnerPrediction]]=1, 1, 0))+(0.1*IF(Table1[[#This Row],[CorrectAwayScorePrediction]]=1, 1, 0))+(0.1*IF(Table1[[#This Row],[CorrectHomeScorePrediction]]=1, 1, 0)) + (0.8 * IF(OR(Table1[[#This Row],[PredictedResult]]="REG",Table1[[#This Row],[CorrectWinnerPrediction]]=1), 0, IF(Table1[[#This Row],[ActualResult]]="OT", 0.85, IF(Table1[[#This Row],[ActualResult]]="SO", 0.95, 0)))) -> 0 | Z21: =SUMIF(Table1[GameDate], Table1[[#This Row],[GameDate]], Table1[AwayGameGoalDiff]) -> -1 | AA21: =SUMIF(Table1[GameDate], Table1[[#This Row],[GameDate]], Table1[HomeGameGoalDiff]) -> 1 | AB21: =IF(ISBLANK(Table1[[#This Row],[ActualResult]]), 0, 1) -> 0 | AC21: =IF(ISBLANK(Table1[[#This Row],[ActualResult]]), 0, IF(Table1[[#This Row],[ActualWinner]]=Table1[[#This Row],[PredictedWinner]], 1, 0)) -> 0 | AD21: =IF(Table1[[#This Row],[ActualAwayScore]]>Table1[[#This Row],[PredictedAwayScore]], 0, IF(ISBLANK(Table1[[#This Row],[ActualResult]]), 0, IF(Table1[[#This Row],[ActualAwayScore]]=Table1[[#This Row],[PredictedAwayScore]], 1,0))) -> 0 | AE21: =IF(Table1[[#This Row],[ActualHomeScore]]>Table1[[#This Row],[PredictedHomeScore]], 0, IF(ISBLANK(Table1[[#This Row],[ActualResult]]), 0, IF(Table1[[#This Row],[ActualHomeScore]]=Table1[[#This Row],[PredictedHomeScore]], 1, 0))) -> 0 | AF21: =IF(AND(Table1[[#This Row],[GameIsOver]]=1,Table1[[#This Row],[ActualAwayScore]]=0), 1,0) -> 0 | AG21: =IF(AND(Table1[[#This Row],[GameIsOver]]=1,Table1[[#This Row],[ActualHomeScore]]=0), 1,0) -> 0 | AH21: =IF(Table1[[#This Row],[GameIsOver]]=0,0,IF(Table1[[#This Row],[ActualWinner]]=Table1[[#This Row],[AwayTeam]], 1, 0)) -> 0 | AI21: =IF(Table1[[#This Row],[GameIsOver]]=0,0,IF(Table1[[#This Row],[ActualWinner]]=Table1[[#This Row],[HomeTeam]], 1, 0)) -> 0 | AJ21: =IF(INDEX(Standings!$A$2:$C$33,MATCH(Table1[[#This Row],[AwayTeam]],Standings!$A$2:$A$33,0),2)=INDEX(Standings!$A$2:$C$33,MATCH(Table1[[#This Row],[HomeTeam]],Standings!$A$2:$A$33,0),2),1,0) -> 1 | AK21: =IF(INDEX(Standings!$A$2:$C$33,MATCH(Table1[[#This Row],[AwayTeam]],Standings!$A$2:$A$33,0),3)=INDEX(Standings!$A$2:$C$33,MATCH(Table1[[#This Row],[HomeTeam]],Standings!$A$2:$A$33,0),3),1,0) -> 1 | AL21: =IF(Table1[[#This Row],[InterConf]]=1,IF(Table1[[#This Row],[InterDiv]]=0, 1, 0), 0) -> 0 | AM21: =IF(INDEX(Standings!$A$2:$C$33,MATCH(Table1[[#This Row],[AwayTeam]],Standings!$A$2:$A$33,0),2)<>INDEX(Standings!$A$2:$C$33,MATCH(Table1[[#This Row],[HomeTeam]],Standings!$A$2:$A$33,0),2),1,0) -> 0 | AN21: =INDEX(Table2[AWAY_RECORD], MATCH(Table1[[#This Row],[AwayTeam]],Table2[Team], 0), 0) -> 0-0-0 | AO21: =INDEX(Records!$B$2:$AG$33, MATCH(Table1[[#This Row],[AwayTeam]],Records!$A$2:$A$33, 0), MATCH(Table1[[#This Row],[HomeTeam]],Records!$A$2:$A$33, 0)) -> 0-0-0 | AP21: =INDEX(Table2[HOME_RECORD], MATCH(Table1[[#This Row],[HomeTeam]],Table2[Team], 0), 0) -> 0-0-0 | AQ21: =INDEX(Records!$B$2:$AG$33, MATCH(Table1[[#This Row],[HomeTeam]],Records!$A$2:$A$33, 0), MATCH(Table1[[#This Row],[AwayTeam]],Records!$A$2:$A$33, 0)) -> 0-0-0
D22: 2026-10-02 | E22: 23:00 | F22: 2026020021 | G22: ANA | H22: VGK | L22: =IF(OR(Table1[[#This Row],[PredictedAwayScore]]=Table1[[#This Row],[PredictedHomeScore]],AND(ISBLANK(Table1[[#This Row],[PredictedAwayScore]]),ISBLANK(Table1[[#This Row],[PredictedHomeScore]]))),"",IF(Table1[[#This Row],[PredictedAwayScore]]>Table1[[#This Row],[PredictedHomeScore]],Table1[[#This Row],[AwayTeam]],Table1[[#This Row],[HomeTeam]])) | P22: =IF(OR(Table1[[#This Row],[ActualAwayScore]]=Table1[[#This Row],[ActualHomeScore]],AND(ISBLANK(Table1[[#This Row],[ActualAwayScore]]),ISBLANK(Table1[[#This Row],[ActualHomeScore]]))),"",IF(Table1[[#This Row],[ActualAwayScore]]>Table1[[#This Row],[ActualHomeScore]],Table1[[#This Row],[AwayTeam]], Table1[[#This Row],[HomeTeam]])) | T22: =IF(Table1[[#This Row],[ActualWinner]]="", "", IF(Table1[[#This Row],[AwayTeam]]=Table1[[#This Row],[ActualWinner]],Table1[[#This Row],[HomeTeam]],Table1[[#This Row],[AwayTeam]])) | U22: =Table1[[#This Row],[ActualAwayScore]]-Table1[[#This Row],[PredictedAwayScore]] -> 0 | V22: =Table1[[#This Row],[ActualHomeScore]]-Table1[[#This Row],[PredictedHomeScore]] -> 0 | W22: =(0.8*IF(Table1[[#This Row],[CorrectWinnerPrediction]]=1, 1, 0))+(0.1*IF(Table1[[#This Row],[CorrectAwayScorePrediction]]=1, 1, 0))+(0.1*IF(Table1[[#This Row],[CorrectHomeScorePrediction]]=1, 1, 0)) -> 0 | X22: =(0.8*IF(Table1[[#This Row],[CorrectWinnerPrediction]]=1, 1, 0))+(0.1*IF(Table1[[#This Row],[CorrectAwayScorePrediction]]=1, 1, 0))+(0.1*IF(Table1[[#This Row],[CorrectHomeScorePrediction]]=1, 1, 0)) + (0.8 * IF(OR(Table1[[#This Row],[PredictedResult]]="REG",Table1[[#This Row],[CorrectWinnerPrediction]]=1), 0, IF(Table1[[#This Row],[ActualResult]]="OT", 0.85, IF(Table1[[#This Row],[ActualResult]]="SO", 0.95, 0)))) -> 0 | Z22: =SUMIF(Table1[GameDate], Table1[[#This Row],[GameDate]], Table1[AwayGameGoalDiff]) -> -1 | AA22: =SUMIF(Table1[GameDate], Table1[[#This Row],[GameDate]], Table1[HomeGameGoalDiff]) -> 1 | AB22: =IF(ISBLANK(Table1[[#This Row],[ActualResult]]), 0, 1) -> 0 | AC22: =IF(ISBLANK(Table1[[#This Row],[ActualResult]]), 0, IF(Table1[[#This Row],[ActualWinner]]=Table1[[#This Row],[PredictedWinner]], 1, 0)) -> 0 | AD22: =IF(Table1[[#This Row],[ActualAwayScore]]>Table1[[#This Row],[PredictedAwayScore]], 0, IF(ISBLANK(Table1[[#This Row],[ActualResult]]), 0, IF(Table1[[#This Row],[ActualAwayScore]]=Table1[[#This Row],[PredictedAwayScore]], 1,0))) -> 0 | AE22: =IF(Table1[[#This Row],[ActualHomeScore]]>Table1[[#This Row],[PredictedHomeScore]], 0, IF(ISBLANK(Table1[[#This Row],[ActualResult]]), 0, IF(Table1[[#This Row],[ActualHomeScore]]=Table1[[#This Row],[PredictedHomeScore]], 1, 0))) -> 0 | AF22: =IF(AND(Table1[[#This Row],[GameIsOver]]=1,Table1[[#This Row],[ActualAwayScore]]=0), 1,0) -> 0 | AG22: =IF(AND(Table1[[#This Row],[GameIsOver]]=1,Table1[[#This Row],[ActualHomeScore]]=0), 1,0) -> 0 | AH22: =IF(Table1[[#This Row],[GameIsOver]]=0,0,IF(Table1[[#This Row],[ActualWinner]]=Table1[[#This Row],[AwayTeam]], 1, 0)) -> 0 | AI22: =IF(Table1[[#This Row],[GameIsOver]]=0,0,IF(Table1[[#This Row],[ActualWinner]]=Table1[[#This Row],[HomeTeam]], 1, 0)) -> 0 | AJ22: =IF(INDEX(Standings!$A$2:$C$33,MATCH(Table1[[#This Row],[AwayTeam]],Standings!$A$2:$A$33,0),2)=INDEX(Standings!$A$2:$C$33,MATCH(Table1[[#This Row],[HomeTeam]],Standings!$A$2:$A$33,0),2),1,0) -> 1 | AK22: =IF(INDEX(Standings!$A$2:$C$33,MATCH(Table1[[#This Row],[AwayTeam]],Standings!$A$2:$A$33,0),3)=INDEX(Standings!$A$2:$C$33,MATCH(Table1[[#This Row],[HomeTeam]],Standings!$A$2:$A$33,0),3),1,0) -> 1 | AL22: =IF(Table1[[#This Row],[InterConf]]=1,IF(Table1[[#This Row],[InterDiv]]=0, 1, 0), 0) -> 0 | AM22: =IF(INDEX(Standings!$A$2:$C$33,MATCH(Table1[[#This Row],[AwayTeam]],Standings!$A$2:$A$33,0),2)<>INDEX(Standings!$A$2:$C$33,MATCH(Table1[[#This Row],[HomeTeam]],Standings!$A$2:$A$33,0),2),1,0) -> 0 | AN22: =INDEX(Table2[AWAY_RECORD], MATCH(Table1[[#This Row],[AwayTeam]],Table2[Team], 0), 0) -> 0-0-0 | AO22: =INDEX(Records!$B$2:$AG$33, MATCH(Table1[[#This Row],[AwayTeam]],Records!$A$2:$A$33, 0), MATCH(Table1[[#This Row],[HomeTeam]],Records!$A$2:$A$33, 0)) -> 0-0-0 | AP22: =INDEX(Table2[HOME_RECORD], MATCH(Table1[[#This Row],[HomeTeam]],Table2[Team], 0), 0) -> 0-0-1 | AQ22: =INDEX(Records!$B$2:$AG$33, MATCH(Table1[[#This Row],[HomeTeam]],Records!$A$2:$A$33, 0), MATCH(Table1[[#This Row],[AwayTeam]],Records!$A$2:$A$33, 0)) -> 0-0-0
D23: 2026-10-03 | E23: 20:00 | F23: 2026020022 | G23: CHI | H23: BUF | L23: =IF(OR(Table1[[#This Row],[PredictedAwayScore]]=Table1[[#This Row],[PredictedHomeScore]],AND(ISBLANK(Table1[[#This Row],[PredictedAwayScore]]),ISBLANK(Table1[[#This Row],[PredictedHomeScore]]))),"",IF(Table1[[#This Row],[PredictedAwayScore]]>Table1[[#This Row],[PredictedHomeScore]],Table1[[#This Row],[AwayTeam]],Table1[[#This Row],[HomeTeam]])) | P23: =IF(OR(Table1[[#This Row],[ActualAwayScore]]=Table1[[#This Row],[ActualHomeScore]],AND(ISBLANK(Table1[[#This Row],[ActualAwayScore]]),ISBLANK(Table1[[#This Row],[ActualHomeScore]]))),"",IF(Table1[[#This Row],[ActualAwayScore]]>Table1[[#This Row],[ActualHomeScore]],Table1[[#This Row],[AwayTeam]], Table1[[#This Row],[HomeTeam]])) | T23: =IF(Table1[[#This Row],[ActualWinner]]="", "", IF(Table1[[#This Row],[AwayTeam]]=Table1[[#This Row],[ActualWinner]],Table1[[#This Row],[HomeTeam]],Table1[[#This Row],[AwayTeam]])) | U23: =Table1[[#This Row],[ActualAwayScore]]-Table1[[#This Row],[PredictedAwayScore]] -> 0 | V23: =Table1[[#This Row],[ActualHomeScore]]-Table1[[#This Row],[PredictedHomeScore]] -> 0 | W23: =(0.8*IF(Table1[[#This Row],[CorrectWinnerPrediction]]=1, 1, 0))+(0.1*IF(Table1[[#This Row],[CorrectAwayScorePrediction]]=1, 1, 0))+(0.1*IF(Table1[[#This Row],[CorrectHomeScorePrediction]]=1, 1, 0)) -> 0 | X23: =(0.8*IF(Table1[[#This Row],[CorrectWinnerPrediction]]=1, 1, 0))+(0.1*IF(Table1[[#This Row],[CorrectAwayScorePrediction]]=1, 1, 0))+(0.1*IF(Table1[[#This Row],[CorrectHomeScorePrediction]]=1, 1, 0)) + (0.8 * IF(OR(Table1[[#This Row],[PredictedResult]]="REG",Table1[[#This Row],[CorrectWinnerPrediction]]=1), 0, IF(Table1[[#This Row],[ActualResult]]="OT", 0.85, IF(Table1[[#This Row],[ActualResult]]="SO", 0.95, 0)))) -> 0 | Z23: =SUMIF(Table1[GameDate], Table1[[#This Row],[GameDate]], Table1[AwayGameGoalDiff]) -> 0 | AA23: =SUMIF(Table1[GameDate], Table1[[#This Row],[GameDate]], Table1[HomeGameGoalDiff]) -> 0 | AB23: =IF(ISBLANK(Table1[[#This Row],[ActualResult]]), 0, 1) -> 0 | AC23: =IF(ISBLANK(Table1[[#This Row],[ActualResult]]), 0, IF(Table1[[#This Row],[ActualWinner]]=Table1[[#This Row],[PredictedWinner]], 1, 0)) -> 0 | AD23: =IF(Table1[[#This Row],[ActualAwayScore]]>Table1[[#This Row],[PredictedAwayScore]], 0, IF(ISBLANK(Table1[[#This Row],[ActualResult]]), 0, IF(Table1[[#This Row],[ActualAwayScore]]=Table1[[#This Row],[PredictedAwayScore]], 1,0))) -> 0 | AE23: =IF(Table1[[#This Row],[ActualHomeScore]]>Table1[[#This Row],[PredictedHomeScore]], 0, IF(ISBLANK(Table1[[#This Row],[ActualResult]]), 0, IF(Table1[[#This Row],[ActualHomeScore]]=Table1[[#This Row],[PredictedHomeScore]], 1, 0))) -> 0 | AF23: =IF(AND(Table1[[#This Row],[GameIsOver]]=1,Table1[[#This Row],[ActualAwayScore]]=0), 1,0) -> 0 | AG23: =IF(AND(Table1[[#This Row],[GameIsOver]]=1,Table1[[#This Row],[ActualHomeScore]]=0), 1,0) -> 0 | AH23: =IF(Table1[[#This Row],[GameIsOver]]=0,0,IF(Table1[[#This Row],[ActualWinner]]=Table1[[#This Row],[AwayTeam]], 1, 0)) -> 0 | AI23: =IF(Table1[[#This Row],[GameIsOver]]=0,0,IF(Table1[[#This Row],[ActualWinner]]=Table1[[#This Row],[HomeTeam]], 1, 0)) -> 0 | AJ23: =IF(INDEX(Standings!$A$2:$C$33,MATCH(Table1[[#This Row],[AwayTeam]],Standings!$A$2:$A$33,0),2)=INDEX(Standings!$A$2:$C$33,MATCH(Table1[[#This Row],[HomeTeam]],Standings!$A$2:$A$33,0),2),1,0) -> 0 | AK23: =IF(INDEX(Standings!$A$2:$C$33,MATCH(Table1[[#This Row],[AwayTeam]],Standings!$A$2:$A$33,0),3)=INDEX(Standings!$A$2:$C$33,MATCH(Table1[[#This Row],[HomeTeam]],Standings!$A$2:$A$33,0),3),1,0) -> 0 | AL23: =IF(Table1[[#This Row],[InterConf]]=1,IF(Table1[[#This Row],[InterDiv]]=0, 1, 0), 0) -> 0 | AM23: =IF(INDEX(Standings!$A$2:$C$33,MATCH(Table1[[#This Row],[AwayTeam]],Standings!$A$2:$A$33,0),2)<>INDEX(Standings!$A$2:$C$33,MATCH(Table1[[#This Row],[HomeTeam]],Standings!$A$2:$A$33,0),2),1,0) -> 1 | AN23: =INDEX(Table2[AWAY_RECORD], MATCH(Table1[[#This Row],[AwayTeam]],Table2[Team], 0), 0) -> 1-0-1 | AO23: =INDEX(Records!$B$2:$AG$33, MATCH(Table1[[#This Row],[AwayTeam]],Records!$A$2:$A$33, 0), MATCH(Table1[[#This Row],[HomeTeam]],Records!$A$2:$A$33, 0)) -> 0-0-0 | AP23: =INDEX(Table2[HOME_RECORD], MATCH(Table1[[#This Row],[HomeTeam]],Table2[Team], 0), 0) -> 0-0-0 | AQ23: =INDEX(Records!$B$2:$AG$33, MATCH(Table1[[#This Row],[HomeTeam]],Records!$A$2:$A$33, 0), MATCH(Table1[[#This Row],[AwayTeam]],Records!$A$2:$A$33, 0)) -> 0-0-0
D24: 2026-10-03 | E24: 20:00 | F24: 2026020023 | G24: OTT | H24: TOR | L24: =IF(OR(Table1[[#This Row],[PredictedAwayScore]]=Table1[[#This Row],[PredictedHomeScore]],AND(ISBLANK(Table1[[#This Row],[PredictedAwayScore]]),ISBLANK(Table1[[#This Row],[PredictedHomeScore]]))),"",IF(Table1[[#This Row],[PredictedAwayScore]]>Table1[[#This Row],[PredictedHomeScore]],Table1[[#This Row],[AwayTeam]],Table1[[#This Row],[HomeTeam]])) | P24: =IF(OR(Table1[[#This Row],[ActualAwayScore]]=Table1[[#This Row],[ActualHomeScore]],AND(ISBLANK(Table1[[#This Row],[ActualAwayScore]]),ISBLANK(Table1[[#This Row],[ActualHomeScore]]))),"",IF(Table1[[#This Row],[ActualAwayScore]]>Table1[[#This Row],[ActualHomeScore]],Table1[[#This Row],[AwayTeam]], Table1[[#This Row],[HomeTeam]])) | T24: =IF(Table1[[#This Row],[ActualWinner]]="", "", IF(Table1[[#This Row],[AwayTeam]]=Table1[[#This Row],[ActualWinner]],Table1[[#This Row],[HomeTeam]],Table1[[#This Row],[AwayTeam]])) | U24: =Table1[[#This Row],[ActualAwayScore]]-Table1[[#This Row],[PredictedAwayScore]] -> 0 | V24: =Table1[[#This Row],[ActualHomeScore]]-Table1[[#This Row],[PredictedHomeScore]] -> 0 | W24: =(0.8*IF(Table1[[#This Row],[CorrectWinnerPrediction]]=1, 1, 0))+(0.1*IF(Table1[[#This Row],[CorrectAwayScorePrediction]]=1, 1, 0))+(0.1*IF(Table1[[#This Row],[CorrectHomeScorePrediction]]=1, 1, 0)) -> 0 | X24: =(0.8*IF(Table1[[#This Row],[CorrectWinnerPrediction]]=1, 1, 0))+(0.1*IF(Table1[[#This Row],[CorrectAwayScorePrediction]]=1, 1, 0))+(0.1*IF(Table1[[#This Row],[CorrectHomeScorePrediction]]=1, 1, 0)) + (0.8 * IF(OR(Table1[[#This Row],[PredictedResult]]="REG",Table1[[#This Row],[CorrectWinnerPrediction]]=1), 0, IF(Table1[[#This Row],[ActualResult]]="OT", 0.85, IF(Table1[[#This Row],[ActualResult]]="SO", 0.95, 0)))) -> 0 | Z24: =SUMIF(Table1[GameDate], Table1[[#This Row],[GameDate]], Table1[AwayGameGoalDiff]) -> 0 | AA24: =SUMIF(Table1[GameDate], Table1[[#This Row],[GameDate]], Table1[HomeGameGoalDiff]) -> 0 | AB24: =IF(ISBLANK(Table1[[#This Row],[ActualResult]]), 0, 1) -> 0 | AC24: =IF(ISBLANK(Table1[[#This Row],[ActualResult]]), 0, IF(Table1[[#This Row],[ActualWinner]]=Table1[[#This Row],[PredictedWinner]], 1, 0)) -> 0 | AD24: =IF(Table1[[#This Row],[ActualAwayScore]]>Table1[[#This Row],[PredictedAwayScore]], 0, IF(ISBLANK(Table1[[#This Row],[ActualResult]]), 0, IF(Table1[[#This Row],[ActualAwayScore]]=Table1[[#This Row],[PredictedAwayScore]], 1,0))) -> 0 | AE24: =IF(Table1[[#This Row],[ActualHomeScore]]>Table1[[#This Row],[PredictedHomeScore]], 0, IF(ISBLANK(Table1[[#This Row],[ActualResult]]), 0, IF(Table1[[#This Row],[ActualHomeScore]]=Table1[[#This Row],[PredictedHomeScore]], 1, 0))) -> 0 | AF24: =IF(AND(Table1[[#This Row],[GameIsOver]]=1,Table1[[#This Row],[ActualAwayScore]]=0), 1,0) -> 0 | AG24: =IF(AND(Table1[[#This Row],[GameIsOver]]=1,Table1[[#This Row],[ActualHomeScore]]=0), 1,0) -> 0 | AH24: =IF(Table1[[#This Row],[GameIsOver]]=0,0,IF(Table1[[#This Row],[ActualWinner]]=Table1[[#This Row],[AwayTeam]], 1, 0)) -> 0 | AI24: =IF(Table1[[#This Row],[GameIsOver]]=0,0,IF(Table1[[#This Row],[ActualWinner]]=Table1[[#This Row],[HomeTeam]], 1, 0)) -> 0 | AJ24: =IF(INDEX(Standings!$A$2:$C$33,MATCH(Table1[[#This Row],[AwayTeam]],Standings!$A$2:$A$33,0),2)=INDEX(Standings!$A$2:$C$33,MATCH(Table1[[#This Row],[HomeTeam]],Standings!$A$2:$A$33,0),2),1,0) -> 1 | AK24: =IF(INDEX(Standings!$A$2:$C$33,MATCH(Table1[[#This Row],[AwayTeam]],Standings!$A$2:$A$33,0),3)=INDEX(Standings!$A$2:$C$33,MATCH(Table1[[#This Row],[HomeTeam]],Standings!$A$2:$A$33,0),3),1,0) -> 1 | AL24: =IF(Table1[[#This Row],[InterConf]]=1,IF(Table1[[#This Row],[InterDiv]]=0, 1, 0), 0) -> 0 | AM24: =IF(INDEX(Standings!$A$2:$C$33,MATCH(Table1[[#This Row],[AwayTeam]],Standings!$A$2:$A$33,0),2)<>INDEX(Standings!$A$2:$C$33,MATCH(Table1[[#This Row],[HomeTeam]],Standings!$A$2:$A$33,0),2),1,0) -> 0 | AN24: =INDEX(Table2[AWAY_RECORD], MATCH(Table1[[#This Row],[AwayTeam]],Table2[Team], 0), 0) -> 0-0-0 | AO24: =INDEX(Records!$B$2:$AG$33, MATCH(Table1[[#This Row],[AwayTeam]],Records!$A$2:$A$33, 0), MATCH(Table1[[#This Row],[HomeTeam]],Records!$A$2:$A$33, 0)) -> 0-0-0 | AP24: =INDEX(Table2[HOME_RECORD], MATCH(Table1[[#This Row],[HomeTeam]],Table2[Team], 0), 0) -> 0-2-0 | AQ24: =INDEX(Records!$B$2:$AG$33, MATCH(Table1[[#This Row],[HomeTeam]],Records!$A$2:$A$33, 0), MATCH(Table1[[#This Row],[AwayTeam]],Records!$A$2:$A$33, 0)) -> 0-0-0
D25: 2026-10-03 | E25: 20:00 | F25: 2026020024 | G25: WSH | H25: TBL | L25: =IF(OR(Table1[[#This Row],[PredictedAwayScore]]=Table1[[#This Row],[PredictedHomeScore]],AND(ISBLANK(Table1[[#This Row],[PredictedAwayScore]]),ISBLANK(Table1[[#This Row],[PredictedHomeScore]]))),"",IF(Table1[[#This Row],[PredictedAwayScore]]>Table1[[#This Row],[PredictedHomeScore]],Table1[[#This Row],[AwayTeam]],Table1[[#This Row],[HomeTeam]])) | P25: =IF(OR(Table1[[#This Row],[ActualAwayScore]]=Table1[[#This Row],[ActualHomeScore]],AND(ISBLANK(Table1[[#This Row],[ActualAwayScore]]),ISBLANK(Table1[[#This Row],[ActualHomeScore]]))),"",IF(Table1[[#This Row],[ActualAwayScore]]>Table1[[#This Row],[ActualHomeScore]],Table1[[#This Row],[AwayTeam]], Table1[[#This Row],[HomeTeam]])) | T25: =IF(Table1[[#This Row],[ActualWinner]]="", "", IF(Table1[[#This Row],[AwayTeam]]=Table1[[#This Row],[ActualWinner]],Table1[[#This Row],[HomeTeam]],Table1[[#This Row],[AwayTeam]])) | U25: =Table1[[#This Row],[ActualAwayScore]]-Table1[[#This Row],[PredictedAwayScore]] -> 0 | V25: =Table1[[#This Row],[ActualHomeScore]]-Table1[[#This Row],[PredictedHomeScore]] -> 0 | W25: =(0.8*IF(Table1[[#This Row],[CorrectWinnerPrediction]]=1, 1, 0))+(0.1*IF(Table1[[#This Row],[CorrectAwayScorePrediction]]=1, 1, 0))+(0.1*IF(Table1[[#This Row],[CorrectHomeScorePrediction]]=1, 1, 0)) -> 0 | X25: =(0.8*IF(Table1[[#This Row],[CorrectWinnerPrediction]]=1, 1, 0))+(0.1*IF(Table1[[#This Row],[CorrectAwayScorePrediction]]=1, 1, 0))+(0.1*IF(Table1[[#This Row],[CorrectHomeScorePrediction]]=1, 1, 0)) + (0.8 * IF(OR(Table1[[#This Row],[PredictedResult]]="REG",Table1[[#This Row],[CorrectWinnerPrediction]]=1), 0, IF(Table1[[#This Row],[ActualResult]]="OT", 0.85, IF(Table1[[#This Row],[ActualResult]]="SO", 0.95, 0)))) -> 0 | Z25: =SUMIF(Table1[GameDate], Table1[[#This Row],[GameDate]], Table1[AwayGameGoalDiff]) -> 0 | AA25: =SUMIF(Table1[GameDate], Table1[[#This Row],[GameDate]], Table1[HomeGameGoalDiff]) -> 0 | AB25: =IF(ISBLANK(Table1[[#This Row],[ActualResult]]), 0, 1) -> 0 | AC25: =IF(ISBLANK(Table1[[#This Row],[ActualResult]]), 0, IF(Table1[[#This Row],[ActualWinner]]=Table1[[#This Row],[PredictedWinner]], 1, 0)) -> 0 | AD25: =IF(Table1[[#This Row],[ActualAwayScore]]>Table1[[#This Row],[PredictedAwayScore]], 0, IF(ISBLANK(Table1[[#This Row],[ActualResult]]), 0, IF(Table1[[#This Row],[ActualAwayScore]]=Table1[[#This Row],[PredictedAwayScore]], 1,0))) -> 0 | AE25: =IF(Table1[[#This Row],[ActualHomeScore]]>Table1[[#This Row],[PredictedHomeScore]], 0, IF(ISBLANK(Table1[[#This Row],[ActualResult]]), 0, IF(Table1[[#This Row],[ActualHomeScore]]=Table1[[#This Row],[PredictedHomeScore]], 1, 0))) -> 0 | AF25: =IF(AND(Table1[[#This Row],[GameIsOver]]=1,Table1[[#This Row],[ActualAwayScore]]=0), 1,0) -> 0 | AG25: =IF(AND(Table1[[#This Row],[GameIsOver]]=1,Table1[[#This Row],[ActualHomeScore]]=0), 1,0) -> 0 | AH25: =IF(Table1[[#This Row],[GameIsOver]]=0,0,IF(Table1[[#This Row],[ActualWinner]]=Table1[[#This Row],[AwayTeam]], 1, 0)) -> 0 | AI25: =IF(Table1[[#This Row],[GameIsOver]]=0,0,IF(Table1[[#This Row],[ActualWinner]]=Table1[[#This Row],[HomeTeam]], 1, 0)) -> 0 | AJ25: =IF(INDEX(Standings!$A$2:$C$33,MATCH(Table1[[#This Row],[AwayTeam]],Standings!$A$2:$A$33,0),2)=INDEX(Standings!$A$2:$C$33,MATCH(Table1[[#This Row],[HomeTeam]],Standings!$A$2:$A$33,0),2),1,0) -> 1 | AK25: =IF(INDEX(Standings!$A$2:$C$33,MATCH(Table1[[#This Row],[AwayTeam]],Standings!$A$2:$A$33,0),3)=INDEX(Standings!$A$2:$C$33,MATCH(Table1[[#This Row],[HomeTeam]],Standings!$A$2:$A$33,0),3),1,0) -> 0 | AL25: =IF(Table1[[#This Row],[InterConf]]=1,IF(Table1[[#This Row],[InterDiv]]=0, 1, 0), 0) -> 1 | AM25: =IF(INDEX(Standings!$A$2:$C$33,MATCH(Table1[[#This Row],[AwayTeam]],Standings!$A$2:$A$33,0),2)<>INDEX(Standings!$A$2:$C$33,MATCH(Table1[[#This Row],[HomeTeam]],Standings!$A$2:$A$33,0),2),1,0) -> 0 | AN25: =INDEX(Table2[AWAY_RECORD], MATCH(Table1[[#This Row],[AwayTeam]],Table2[Team], 0), 0) -> 0-1-0 | AO25: =INDEX(Records!$B$2:$AG$33, MATCH(Table1[[#This Row],[AwayTeam]],Records!$A$2:$A$33, 0), MATCH(Table1[[#This Row],[HomeTeam]],Records!$A$2:$A$33, 0)) -> 0-0-0 | AP25: =INDEX(Table2[HOME_RECORD], MATCH(Table1[[#This Row],[HomeTeam]],Table2[Team], 0), 0) -> 0-0-0 | AQ25: =INDEX(Records!$B$2:$AG$33, MATCH(Table1[[#This Row],[HomeTeam]],Records!$A$2:$A$33, 0), MATCH(Table1[[#This Row],[AwayTeam]],Records!$A$2:$A$33, 0)) -> 0-0-0
D26: 2026-10-03 | E26: 20:00 | F26: 2026020025 | G26: CAR | H26: PHI | L26: =IF(OR(Table1[[#This Row],[PredictedAwayScore]]=Table1[[#This Row],[PredictedHomeScore]],AND(ISBLANK(Table1[[#This Row],[PredictedAwayScore]]),ISBLANK(Table1[[#This Row],[PredictedHomeScore]]))),"",IF(Table1[[#This Row],[PredictedAwayScore]]>Table1[[#This Row],[PredictedHomeScore]],Table1[[#This Row],[AwayTeam]],Table1[[#This Row],[HomeTeam]])) | P26: =IF(OR(Table1[[#This Row],[ActualAwayScore]]=Table1[[#This Row],[ActualHomeScore]],AND(ISBLANK(Table1[[#This Row],[ActualAwayScore]]),ISBLANK(Table1[[#This Row],[ActualHomeScore]]))),"",IF(Table1[[#This Row],[ActualAwayScore]]>Table1[[#This Row],[ActualHomeScore]],Table1[[#This Row],[AwayTeam]], Table1[[#This Row],[HomeTeam]])) | T26: =IF(Table1[[#This Row],[ActualWinner]]="", "", IF(Table1[[#This Row],[AwayTeam]]=Table1[[#This Row],[ActualWinner]],Table1[[#This Row],[HomeTeam]],Table1[[#This Row],[AwayTeam]])) | U26: =Table1[[#This Row],[ActualAwayScore]]-Table1[[#This Row],[PredictedAwayScore]] -> 0 | V26: =Table1[[#This Row],[ActualHomeScore]]-Table1[[#This Row],[PredictedHomeScore]] -> 0 | W26: =(0.8*IF(Table1[[#This Row],[CorrectWinnerPrediction]]=1, 1, 0))+(0.1*IF(Table1[[#This Row],[CorrectAwayScorePrediction]]=1, 1, 0))+(0.1*IF(Table1[[#This Row],[CorrectHomeScorePrediction]]=1, 1, 0)) -> 0 | X26: =(0.8*IF(Table1[[#This Row],[CorrectWinnerPrediction]]=1, 1, 0))+(0.1*IF(Table1[[#This Row],[CorrectAwayScorePrediction]]=1, 1, 0))+(0.1*IF(Table1[[#This Row],[CorrectHomeScorePrediction]]=1, 1, 0)) + (0.8 * IF(OR(Table1[[#This Row],[PredictedResult]]="REG",Table1[[#This Row],[CorrectWinnerPrediction]]=1), 0, IF(Table1[[#This Row],[ActualResult]]="OT", 0.85, IF(Table1[[#This Row],[ActualResult]]="SO", 0.95, 0)))) -> 0 | Z26: =SUMIF(Table1[GameDate], Table1[[#This Row],[GameDate]], Table1[AwayGameGoalDiff]) -> 0 | AA26: =SUMIF(Table1[GameDate], Table1[[#This Row],[GameDate]], Table1[HomeGameGoalDiff]) -> 0 | AB26: =IF(ISBLANK(Table1[[#This Row],[ActualResult]]), 0, 1) -> 0 | AC26: =IF(ISBLANK(Table1[[#This Row],[ActualResult]]), 0, IF(Table1[[#This Row],[ActualWinner]]=Table1[[#This Row],[PredictedWinner]], 1, 0)) -> 0 | AD26: =IF(Table1[[#This Row],[ActualAwayScore]]>Table1[[#This Row],[PredictedAwayScore]], 0, IF(ISBLANK(Table1[[#This Row],[ActualResult]]), 0, IF(Table1[[#This Row],[ActualAwayScore]]=Table1[[#This Row],[PredictedAwayScore]], 1,0))) -> 0 | AE26: =IF(Table1[[#This Row],[ActualHomeScore]]>Table1[[#This Row],[PredictedHomeScore]], 0, IF(ISBLANK(Table1[[#This Row],[ActualResult]]), 0, IF(Table1[[#This Row],[ActualHomeScore]]=Table1[[#This Row],[PredictedHomeScore]], 1, 0))) -> 0 | AF26: =IF(AND(Table1[[#This Row],[GameIsOver]]=1,Table1[[#This Row],[ActualAwayScore]]=0), 1,0) -> 0 | AG26: =IF(AND(Table1[[#This Row],[GameIsOver]]=1,Table1[[#This Row],[ActualHomeScore]]=0), 1,0) -> 0 | AH26: =IF(Table1[[#This Row],[GameIsOver]]=0,0,IF(Table1[[#This Row],[ActualWinner]]=Table1[[#This Row],[AwayTeam]], 1, 0)) -> 0 | AI26: =IF(Table1[[#This Row],[GameIsOver]]=0,0,IF(Table1[[#This Row],[ActualWinner]]=Table1[[#This Row],[HomeTeam]], 1, 0)) -> 0 | AJ26: =IF(INDEX(Standings!$A$2:$C$33,MATCH(Table1[[#This Row],[AwayTeam]],Standings!$A$2:$A$33,0),2)=INDEX(Standings!$A$2:$C$33,MATCH(Table1[[#This Row],[HomeTeam]],Standings!$A$2:$A$33,0),2),1,0) -> 1 | AK26: =IF(INDEX(Standings!$A$2:$C$33,MATCH(Table1[[#This Row],[AwayTeam]],Standings!$A$2:$A$33,0),3)=INDEX(Standings!$A$2:$C$33,MATCH(Table1[[#This Row],[HomeTeam]],Standings!$A$2:$A$33,0),3),1,0) -> 1 | AL26: =IF(Table1[[#This Row],[InterConf]]=1,IF(Table1[[#This Row],[InterDiv]]=0, 1, 0), 0) -> 0 | AM26: =IF(INDEX(Standings!$A$2:$C$33,MATCH(Table1[[#This Row],[AwayTeam]],Standings!$A$2:$A$33,0),2)<>INDEX(Standings!$A$2:$C$33,MATCH(Table1[[#This Row],[HomeTeam]],Standings!$A$2:$A$33,0),2),1,0) -> 0 | AN26: =INDEX(Table2[AWAY_RECORD], MATCH(Table1[[#This Row],[AwayTeam]],Table2[Team], 0), 0) -> 0-0-0 | AO26: =INDEX(Records!$B$2:$AG$33, MATCH(Table1[[#This Row],[AwayTeam]],Records!$A$2:$A$33, 0), MATCH(Table1[[#This Row],[HomeTeam]],Records!$A$2:$A$33, 0)) -> 0-0-0 | AP26: =INDEX(Table2[HOME_RECORD], MATCH(Table1[[#This Row],[HomeTeam]],Table2[Team], 0), 0) -> 1-0-0 | AQ26: =INDEX(Records!$B$2:$AG$33, MATCH(Table1[[#This Row],[HomeTeam]],Records!$A$2:$A$33, 0), MATCH(Table1[[#This Row],[AwayTeam]],Records!$A$2:$A$33, 0)) -> 0-0-0
D27: 2026-10-03 | E27: 20:00 | F27: 2026020026 | G27: MTL | H27: PIT | L27: =IF(OR(Table1[[#This Row],[PredictedAwayScore]]=Table1[[#This Row],[PredictedHomeScore]],AND(ISBLANK(Table1[[#This Row],[PredictedAwayScore]]),ISBLANK(Table1[[#This Row],[PredictedHomeScore]]))),"",IF(Table1[[#This Row],[PredictedAwayScore]]>Table1[[#This Row],[PredictedHomeScore]],Table1[[#This Row],[AwayTeam]],Table1[[#This Row],[HomeTeam]])) | P27: =IF(OR(Table1[[#This Row],[ActualAwayScore]]=Table1[[#This Row],[ActualHomeScore]],AND(ISBLANK(Table1[[#This Row],[ActualAwayScore]]),ISBLANK(Table1[[#This Row],[ActualHomeScore]]))),"",IF(Table1[[#This Row],[ActualAwayScore]]>Table1[[#This Row],[ActualHomeScore]],Table1[[#This Row],[AwayTeam]], Table1[[#This Row],[HomeTeam]])) | T27: =IF(Table1[[#This Row],[ActualWinner]]="", "", IF(Table1[[#This Row],[AwayTeam]]=Table1[[#This Row],[ActualWinner]],Table1[[#This Row],[HomeTeam]],Table1[[#This Row],[AwayTeam]])) | U27: =Table1[[#This Row],[ActualAwayScore]]-Table1[[#This Row],[PredictedAwayScore]] -> 0 | V27: =Table1[[#This Row],[ActualHomeScore]]-Table1[[#This Row],[PredictedHomeScore]] -> 0 | W27: =(0.8*IF(Table1[[#This Row],[CorrectWinnerPrediction]]=1, 1, 0))+(0.1*IF(Table1[[#This Row],[CorrectAwayScorePrediction]]=1, 1, 0))+(0.1*IF(Table1[[#This Row],[CorrectHomeScorePrediction]]=1, 1, 0)) -> 0 | X27: =(0.8*IF(Table1[[#This Row],[CorrectWinnerPrediction]]=1, 1, 0))+(0.1*IF(Table1[[#This Row],[CorrectAwayScorePrediction]]=1, 1, 0))+(0.1*IF(Table1[[#This Row],[CorrectHomeScorePrediction]]=1, 1, 0)) + (0.8 * IF(OR(Table1[[#This Row],[PredictedResult]]="REG",Table1[[#This Row],[CorrectWinnerPrediction]]=1), 0, IF(Table1[[#This Row],[ActualResult]]="OT", 0.85, IF(Table1[[#This Row],[ActualResult]]="SO", 0.95, 0)))) -> 0 | Z27: =SUMIF(Table1[GameDate], Table1[[#This Row],[GameDate]], Table1[AwayGameGoalDiff]) -> 0 | AA27: =SUMIF(Table1[GameDate], Table1[[#This Row],[GameDate]], Table1[HomeGameGoalDiff]) -> 0 | AB27: =IF(ISBLANK(Table1[[#This Row],[ActualResult]]), 0, 1) -> 0 | AC27: =IF(ISBLANK(Table1[[#This Row],[ActualResult]]), 0, IF(Table1[[#This Row],[ActualWinner]]=Table1[[#This Row],[PredictedWinner]], 1, 0)) -> 0 | AD27: =IF(Table1[[#This Row],[ActualAwayScore]]>Table1[[#This Row],[PredictedAwayScore]], 0, IF(ISBLANK(Table1[[#This Row],[ActualResult]]), 0, IF(Table1[[#This Row],[ActualAwayScore]]=Table1[[#This Row],[PredictedAwayScore]], 1,0))) -> 0 | AE27: =IF(Table1[[#This Row],[ActualHomeScore]]>Table1[[#This Row],[PredictedHomeScore]], 0, IF(ISBLANK(Table1[[#This Row],[ActualResult]]), 0, IF(Table1[[#This Row],[ActualHomeScore]]=Table1[[#This Row],[PredictedHomeScore]], 1, 0))) -> 0 | AF27: =IF(AND(Table1[[#This Row],[GameIsOver]]=1,Table1[[#This Row],[ActualAwayScore]]=0), 1,0) -> 0 | AG27: =IF(AND(Table1[[#This Row],[GameIsOver]]=1,Table1[[#This Row],[ActualHomeScore]]=0), 1,0) -> 0 | AH27: =IF(Table1[[#This Row],[GameIsOver]]=0,0,IF(Table1[[#This Row],[ActualWinner]]=Table1[[#This Row],[AwayTeam]], 1, 0)) -> 0 | AI27: =IF(Table1[[#This Row],[GameIsOver]]=0,0,IF(Table1[[#This Row],[ActualWinner]]=Table1[[#This Row],[HomeTeam]], 1, 0)) -> 0 | AJ27: =IF(INDEX(Standings!$A$2:$C$33,MATCH(Table1[[#This Row],[AwayTeam]],Standings!$A$2:$A$33,0),2)=INDEX(Standings!$A$2:$C$33,MATCH(Table1[[#This Row],[HomeTeam]],Standings!$A$2:$A$33,0),2),1,0) -> 1 | AK27: =IF(INDEX(Standings!$A$2:$C$33,MATCH(Table1[[#This Row],[AwayTeam]],Standings!$A$2:$A$33,0),3)=INDEX(Standings!$A$2:$C$33,MATCH(Table1[[#This Row],[HomeTeam]],Standings!$A$2:$A$33,0),3),1,0) -> 0 | AL27: =IF(Table1[[#This Row],[InterConf]]=1,IF(Table1[[#This Row],[InterDiv]]=0, 1, 0), 0) -> 1 | AM27: =IF(INDEX(Standings!$A$2:$C$33,MATCH(Table1[[#This Row],[AwayTeam]],Standings!$A$2:$A$33,0),2)<>INDEX(Standings!$A$2:$C$33,MATCH(Table1[[#This Row],[HomeTeam]],Standings!$A$2:$A$33,0),2),1,0) -> 0 | AN27: =INDEX(Table2[AWAY_RECORD], MATCH(Table1[[#This Row],[AwayTeam]],Table2[Team], 0), 0) -> 1-0-0 | AO27: =INDEX(Records!$B$2:$AG$33, MATCH(Table1[[#This Row],[AwayTeam]],Records!$A$2:$A$33, 0), MATCH(Table1[[#This Row],[HomeTeam]],Records!$A$2:$A$33, 0)) -> 0-0-0 | AP27: =INDEX(Table2[HOME_RECORD], MATCH(Table1[[#This Row],[HomeTeam]],Table2[Team], 0), 0) -> 0-0-0 | AQ27: =INDEX(Records!$B$2:$AG$33, MATCH(Table1[[#This Row],[HomeTeam]],Records!$A$2:$A$33, 0), MATCH(Table1[[#This Row],[AwayTeam]],Records!$A$2:$A$33, 0)) -> 0-0-0
D28: 2026-10-03 | E28: 20:00 | F28: 2026020027 | G28: UTA | H28: CBJ | L28: =IF(OR(Table1[[#This Row],[PredictedAwayScore]]=Table1[[#This Row],[PredictedHomeScore]],AND(ISBLANK(Table1[[#This Row],[PredictedAwayScore]]),ISBLANK(Table1[[#This Row],[PredictedHomeScore]]))),"",IF(Table1[[#This Row],[PredictedAwayScore]]>Table1[[#This Row],[PredictedHomeScore]],Table1[[#This Row],[AwayTeam]],Table1[[#This Row],[HomeTeam]])) | P28: =IF(OR(Table1[[#This Row],[ActualAwayScore]]=Table1[[#This Row],[ActualHomeScore]],AND(ISBLANK(Table1[[#This Row],[ActualAwayScore]]),ISBLANK(Table1[[#This Row],[ActualHomeScore]]))),"",IF(Table1[[#This Row],[ActualAwayScore]]>Table1[[#This Row],[ActualHomeScore]],Table1[[#This Row],[AwayTeam]], Table1[[#This Row],[HomeTeam]])) | T28: =IF(Table1[[#This Row],[ActualWinner]]="", "", IF(Table1[[#This Row],[AwayTeam]]=Table1[[#This Row],[ActualWinner]],Table1[[#This Row],[HomeTeam]],Table1[[#This Row],[AwayTeam]])) | U28: =Table1[[#This Row],[ActualAwayScore]]-Table1[[#This Row],[PredictedAwayScore]] -> 0 | V28: =Table1[[#This Row],[ActualHomeScore]]-Table1[[#This Row],[PredictedHomeScore]] -> 0 | W28: =(0.8*IF(Table1[[#This Row],[CorrectWinnerPrediction]]=1, 1, 0))+(0.1*IF(Table1[[#This Row],[CorrectAwayScorePrediction]]=1, 1, 0))+(0.1*IF(Table1[[#This Row],[CorrectHomeScorePrediction]]=1, 1, 0)) -> 0 | X28: =(0.8*IF(Table1[[#This Row],[CorrectWinnerPrediction]]=1, 1, 0))+(0.1*IF(Table1[[#This Row],[CorrectAwayScorePrediction]]=1, 1, 0))+(0.1*IF(Table1[[#This Row],[CorrectHomeScorePrediction]]=1, 1, 0)) + (0.8 * IF(OR(Table1[[#This Row],[PredictedResult]]="REG",Table1[[#This Row],[CorrectWinnerPrediction]]=1), 0, IF(Table1[[#This Row],[ActualResult]]="OT", 0.85, IF(Table1[[#This Row],[ActualResult]]="SO", 0.95, 0)))) -> 0 | Z28: =SUMIF(Table1[GameDate], Table1[[#This Row],[GameDate]], Table1[AwayGameGoalDiff]) -> 0 | AA28: =SUMIF(Table1[GameDate], Table1[[#This Row],[GameDate]], Table1[HomeGameGoalDiff]) -> 0 | AB28: =IF(ISBLANK(Table1[[#This Row],[ActualResult]]), 0, 1) -> 0 | AC28: =IF(ISBLANK(Table1[[#This Row],[ActualResult]]), 0, IF(Table1[[#This Row],[ActualWinner]]=Table1[[#This Row],[PredictedWinner]], 1, 0)) -> 0 | AD28: =IF(Table1[[#This Row],[ActualAwayScore]]>Table1[[#This Row],[PredictedAwayScore]], 0, IF(ISBLANK(Table1[[#This Row],[ActualResult]]), 0, IF(Table1[[#This Row],[ActualAwayScore]]=Table1[[#This Row],[PredictedAwayScore]], 1,0))) -> 0 | AE28: =IF(Table1[[#This Row],[ActualHomeScore]]>Table1[[#This Row],[PredictedHomeScore]], 0, IF(ISBLANK(Table1[[#This Row],[ActualResult]]), 0, IF(Table1[[#This Row],[ActualHomeScore]]=Table1[[#This Row],[PredictedHomeScore]], 1, 0))) -> 0 | AF28: =IF(AND(Table1[[#This Row],[GameIsOver]]=1,Table1[[#This Row],[ActualAwayScore]]=0), 1,0) -> 0 | AG28: =IF(AND(Table1[[#This Row],[GameIsOver]]=1,Table1[[#This Row],[ActualHomeScore]]=0), 1,0) -> 0 | AH28: =IF(Table1[[#This Row],[GameIsOver]]=0,0,IF(Table1[[#This Row],[ActualWinner]]=Table1[[#This Row],[AwayTeam]], 1, 0)) -> 0 | AI28: =IF(Table1[[#This Row],[GameIsOver]]=0,0,IF(Table1[[#This Row],[ActualWinner]]=Table1[[#This Row],[HomeTeam]], 1, 0)) -> 0 | AJ28: =IF(INDEX(Standings!$A$2:$C$33,MATCH(Table1[[#This Row],[AwayTeam]],Standings!$A$2:$A$33,0),2)=INDEX(Standings!$A$2:$C$33,MATCH(Table1[[#This Row],[HomeTeam]],Standings!$A$2:$A$33,0),2),1,0) -> 0 | AK28: =IF(INDEX(Standings!$A$2:$C$33,MATCH(Table1[[#This Row],[AwayTeam]],Standings!$A$2:$A$33,0),3)=INDEX(Standings!$A$2:$C$33,MATCH(Table1[[#This Row],[HomeTeam]],Standings!$A$2:$A$33,0),3),1,0) -> 0 | AL28: =IF(Table1[[#This Row],[InterConf]]=1,IF(Table1[[#This Row],[InterDiv]]=0, 1, 0), 0) -> 0 | AM28: =IF(INDEX(Standings!$A$2:$C$33,MATCH(Table1[[#This Row],[AwayTeam]],Standings!$A$2:$A$33,0),2)<>INDEX(Standings!$A$2:$C$33,MATCH(Table1[[#This Row],[HomeTeam]],Standings!$A$2:$A$33,0),2),1,0) -> 1 | AN28: =INDEX(Table2[AWAY_RECORD], MATCH(Table1[[#This Row],[AwayTeam]],Table2[Team], 0), 0) -> 0-0-0 | AO28: =INDEX(Records!$B$2:$AG$33, MATCH(Table1[[#This Row],[AwayTeam]],Records!$A$2:$A$33, 0), MATCH(Table1[[#This Row],[HomeTeam]],Records!$A$2:$A$33, 0)) -> 0-0-0 | AP28: =INDEX(Table2[HOME_RECORD], MATCH(Table1[[#This Row],[HomeTeam]],Table2[Team], 0), 0) -> 1-0-0 | AQ28: =INDEX(Records!$B$2:$AG$33, MATCH(Table1[[#This Row],[HomeTeam]],Records!$A$2:$A$33, 0), MATCH(Table1[[#This Row],[AwayTeam]],Records!$A$2:$A$33, 0)) -> 0-0-0
D29: 2026-10-03 | E29: 20:00 | F29: 2026020028 | G29: SEA | H29: EDM | L29: =IF(OR(Table1[[#This Row],[PredictedAwayScore]]=Table1[[#This Row],[PredictedHomeScore]],AND(ISBLANK(Table1[[#This Row],[PredictedAwayScore]]),ISBLANK(Table1[[#This Row],[PredictedHomeScore]]))),"",IF(Table1[[#This Row],[PredictedAwayScore]]>Table1[[#This Row],[PredictedHomeScore]],Table1[[#This Row],[AwayTeam]],Table1[[#This Row],[HomeTeam]])) | P29: =IF(OR(Table1[[#This Row],[ActualAwayScore]]=Table1[[#This Row],[ActualHomeScore]],AND(ISBLANK(Table1[[#This Row],[ActualAwayScore]]),ISBLANK(Table1[[#This Row],[ActualHomeScore]]))),"",IF(Table1[[#This Row],[ActualAwayScore]]>Table1[[#This Row],[ActualHomeScore]],Table1[[#This Row],[AwayTeam]], Table1[[#This Row],[HomeTeam]])) | T29: =IF(Table1[[#This Row],[ActualWinner]]="", "", IF(Table1[[#This Row],[AwayTeam]]=Table1[[#This Row],[ActualWinner]],Table1[[#This Row],[HomeTeam]],Table1[[#This Row],[AwayTeam]])) | U29: =Table1[[#This Row],[ActualAwayScore]]-Table1[[#This Row],[PredictedAwayScore]] -> 0 | V29: =Table1[[#This Row],[ActualHomeScore]]-Table1[[#This Row],[PredictedHomeScore]] -> 0 | W29: =(0.8*IF(Table1[[#This Row],[CorrectWinnerPrediction]]=1, 1, 0))+(0.1*IF(Table1[[#This Row],[CorrectAwayScorePrediction]]=1, 1, 0))+(0.1*IF(Table1[[#This Row],[CorrectHomeScorePrediction]]=1, 1, 0)) -> 0 | X29: =(0.8*IF(Table1[[#This Row],[CorrectWinnerPrediction]]=1, 1, 0))+(0.1*IF(Table1[[#This Row],[CorrectAwayScorePrediction]]=1, 1, 0))+(0.1*IF(Table1[[#This Row],[CorrectHomeScorePrediction]]=1, 1, 0)) + (0.8 * IF(OR(Table1[[#This Row],[PredictedResult]]="REG",Table1[[#This Row],[CorrectWinnerPrediction]]=1), 0, IF(Table1[[#This Row],[ActualResult]]="OT", 0.85, IF(Table1[[#This Row],[ActualResult]]="SO", 0.95, 0)))) -> 0 | Z29: =SUMIF(Table1[GameDate], Table1[[#This Row],[GameDate]], Table1[AwayGameGoalDiff]) -> 0 | AA29: =SUMIF(Table1[GameDate], Table1[[#This Row],[GameDate]], Table1[HomeGameGoalDiff]) -> 0 | AB29: =IF(ISBLANK(Table1[[#This Row],[ActualResult]]), 0, 1) -> 0 | AC29: =IF(ISBLANK(Table1[[#This Row],[ActualResult]]), 0, IF(Table1[[#This Row],[ActualWinner]]=Table1[[#This Row],[PredictedWinner]], 1, 0)) -> 0 | AD29: =IF(Table1[[#This Row],[ActualAwayScore]]>Table1[[#This Row],[PredictedAwayScore]], 0, IF(ISBLANK(Table1[[#This Row],[ActualResult]]), 0, IF(Table1[[#This Row],[ActualAwayScore]]=Table1[[#This Row],[PredictedAwayScore]], 1,0))) -> 0 | AE29: =IF(Table1[[#This Row],[ActualHomeScore]]>Table1[[#This Row],[PredictedHomeScore]], 0, IF(ISBLANK(Table1[[#This Row],[ActualResult]]), 0, IF(Table1[[#This Row],[ActualHomeScore]]=Table1[[#This Row],[PredictedHomeScore]], 1, 0))) -> 0 | AF29: =IF(AND(Table1[[#This Row],[GameIsOver]]=1,Table1[[#This Row],[ActualAwayScore]]=0), 1,0) -> 0 | AG29: =IF(AND(Table1[[#This Row],[GameIsOver]]=1,Table1[[#This Row],[ActualHomeScore]]=0), 1,0) -> 0 | AH29: =IF(Table1[[#This Row],[GameIsOver]]=0,0,IF(Table1[[#This Row],[ActualWinner]]=Table1[[#This Row],[AwayTeam]], 1, 0)) -> 0 | AI29: =IF(Table1[[#This Row],[GameIsOver]]=0,0,IF(Table1[[#This Row],[ActualWinner]]=Table1[[#This Row],[HomeTeam]], 1, 0)) -> 0 | AJ29: =IF(INDEX(Standings!$A$2:$C$33,MATCH(Table1[[#This Row],[AwayTeam]],Standings!$A$2:$A$33,0),2)=INDEX(Standings!$A$2:$C$33,MATCH(Table1[[#This Row],[HomeTeam]],Standings!$A$2:$A$33,0),2),1,0) -> 1 | AK29: =IF(INDEX(Standings!$A$2:$C$33,MATCH(Table1[[#This Row],[AwayTeam]],Standings!$A$2:$A$33,0),3)=INDEX(Standings!$A$2:$C$33,MATCH(Table1[[#This Row],[HomeTeam]],Standings!$A$2:$A$33,0),3),1,0) -> 1 | AL29: =IF(Table1[[#This Row],[InterConf]]=1,IF(Table1[[#This Row],[InterDiv]]=0, 1, 0), 0) -> 0 | AM29: =IF(INDEX(Standings!$A$2:$C$33,MATCH(Table1[[#This Row],[AwayTeam]],Standings!$A$2:$A$33,0),2)<>INDEX(Standings!$A$2:$C$33,MATCH(Table1[[#This Row],[HomeTeam]],Standings!$A$2:$A$33,0),2),1,0) -> 0 | AN29: =INDEX(Table2[AWAY_RECORD], MATCH(Table1[[#This Row],[AwayTeam]],Table2[Team], 0), 0) -> 1-0-0 | AO29: =INDEX(Records!$B$2:$AG$33, MATCH(Table1[[#This Row],[AwayTeam]],Records!$A$2:$A$33, 0), MATCH(Table1[[#This Row],[HomeTeam]],Records!$A$2:$A$33, 0)) -> 0-0-0 | AP29: =INDEX(Table2[HOME_RECORD], MATCH(Table1[[#This Row],[HomeTeam]],Table2[Team], 0), 0) -> 1-0-0 | AQ29: =INDEX(Records!$B$2:$AG$33, MATCH(Table1[[#This Row],[HomeTeam]],Records!$A$2:$A$33, 0), MATCH(Table1[[#This Row],[AwayTeam]],Records!$A$2:$A$33, 0)) -> 0-0-0
D30: 2026-10-03 | E30: 20:30 | F30: 2026020029 | G30: NJD | H30: NYI | L30: =IF(OR(Table1[[#This Row],[PredictedAwayScore]]=Table1[[#This Row],[PredictedHomeScore]],AND(ISBLANK(Table1[[#This Row],[PredictedAwayScore]]),ISBLANK(Table1[[#This Row],[PredictedHomeScore]]))),"",IF(Table1[[#This Row],[PredictedAwayScore]]>Table1[[#This Row],[PredictedHomeScore]],Table1[[#This Row],[AwayTeam]],Table1[[#This Row],[HomeTeam]])) | P30: =IF(OR(Table1[[#This Row],[ActualAwayScore]]=Table1[[#This Row],[ActualHomeScore]],AND(ISBLANK(Table1[[#This Row],[ActualAwayScore]]),ISBLANK(Table1[[#This Row],[ActualHomeScore]]))),"",IF(Table1[[#This Row],[ActualAwayScore]]>Table1[[#This Row],[ActualHomeScore]],Table1[[#This Row],[AwayTeam]], Table1[[#This Row],[HomeTeam]])) | T30: =IF(Table1[[#This Row],[ActualWinner]]="", "", IF(Table1[[#This Row],[AwayTeam]]=Table1[[#This Row],[ActualWinner]],Table1[[#This Row],[HomeTeam]],Table1[[#This Row],[AwayTeam]])) | U30: =Table1[[#This Row],[ActualAwayScore]]-Table1[[#This Row],[PredictedAwayScore]] -> 0 | V30: =Table1[[#This Row],[ActualHomeScore]]-Table1[[#This Row],[PredictedHomeScore]] -> 0 | W30: =(0.8*IF(Table1[[#This Row],[CorrectWinnerPrediction]]=1, 1, 0))+(0.1*IF(Table1[[#This Row],[CorrectAwayScorePrediction]]=1, 1, 0))+(0.1*IF(Table1[[#This Row],[CorrectHomeScorePrediction]]=1, 1, 0)) -> 0 | X30: =(0.8*IF(Table1[[#This Row],[CorrectWinnerPrediction]]=1, 1, 0))+(0.1*IF(Table1[[#This Row],[CorrectAwayScorePrediction]]=1, 1, 0))+(0.1*IF(Table1[[#This Row],[CorrectHomeScorePrediction]]=1, 1, 0)) + (0.8 * IF(OR(Table1[[#This Row],[PredictedResult]]="REG",Table1[[#This Row],[CorrectWinnerPrediction]]=1), 0, IF(Table1[[#This Row],[ActualResult]]="OT", 0.85, IF(Table1[[#This Row],[ActualResult]]="SO", 0.95, 0)))) -> 0 | Z30: =SUMIF(Table1[GameDate], Table1[[#This Row],[GameDate]], Table1[AwayGameGoalDiff]) -> 0 | AA30: =SUMIF(Table1[GameDate], Table1[[#This Row],[GameDate]], Table1[HomeGameGoalDiff]) -> 0 | AB30: =IF(ISBLANK(Table1[[#This Row],[ActualResult]]), 0, 1) -> 0 | AC30: =IF(ISBLANK(Table1[[#This Row],[ActualResult]]), 0, IF(Table1[[#This Row],[ActualWinner]]=Table1[[#This Row],[PredictedWinner]], 1, 0)) -> 0 | AD30: =IF(Table1[[#This Row],[ActualAwayScore]]>Table1[[#This Row],[PredictedAwayScore]], 0, IF(ISBLANK(Table1[[#This Row],[ActualResult]]), 0, IF(Table1[[#This Row],[ActualAwayScore]]=Table1[[#This Row],[PredictedAwayScore]], 1,0))) -> 0 | AE30: =IF(Table1[[#This Row],[ActualHomeScore]]>Table1[[#This Row],[PredictedHomeScore]], 0, IF(ISBLANK(Table1[[#This Row],[ActualResult]]), 0, IF(Table1[[#This Row],[ActualHomeScore]]=Table1[[#This Row],[PredictedHomeScore]], 1, 0))) -> 0 | AF30: =IF(AND(Table1[[#This Row],[GameIsOver]]=1,Table1[[#This Row],[ActualAwayScore]]=0), 1,0) -> 0 | AG30: =IF(AND(Table1[[#This Row],[GameIsOver]]=1,Table1[[#This Row],[ActualHomeScore]]=0), 1,0) -> 0 | AH30: =IF(Table1[[#This Row],[GameIsOver]]=0,0,IF(Table1[[#This Row],[ActualWinner]]=Table1[[#This Row],[AwayTeam]], 1, 0)) -> 0 | AI30: =IF(Table1[[#This Row],[GameIsOver]]=0,0,IF(Table1[[#This Row],[ActualWinner]]=Table1[[#This Row],[HomeTeam]], 1, 0)) -> 0 | AJ30: =IF(INDEX(Standings!$A$2:$C$33,MATCH(Table1[[#This Row],[AwayTeam]],Standings!$A$2:$A$33,0),2)=INDEX(Standings!$A$2:$C$33,MATCH(Table1[[#This Row],[HomeTeam]],Standings!$A$2:$A$33,0),2),1,0) -> 1 | AK30: =IF(INDEX(Standings!$A$2:$C$33,MATCH(Table1[[#This Row],[AwayTeam]],Standings!$A$2:$A$33,0),3)=INDEX(Standings!$A$2:$C$33,MATCH(Table1[[#This Row],[HomeTeam]],Standings!$A$2:$A$33,0),3),1,0) -> 1 | AL30: =IF(Table1[[#This Row],[InterConf]]=1,IF(Table1[[#This Row],[InterDiv]]=0, 1, 0), 0) -> 0 | AM30: =IF(INDEX(Standings!$A$2:$C$33,MATCH(Table1[[#This Row],[AwayTeam]],Standings!$A$2:$A$33,0),2)<>INDEX(Standings!$A$2:$C$33,MATCH(Table1[[#This Row],[HomeTeam]],Standings!$A$2:$A$33,0),2),1,0) -> 0 | AN30: =INDEX(Table2[AWAY_RECORD], MATCH(Table1[[#This Row],[AwayTeam]],Table2[Team], 0), 0) -> 0-0-0 | AO30: =INDEX(Records!$B$2:$AG$33, MATCH(Table1[[#This Row],[AwayTeam]],Records!$A$2:$A$33, 0), MATCH(Table1[[#This Row],[HomeTeam]],Records!$A$2:$A$33, 0)) -> 0-0-0 | AP30: =INDEX(Table2[HOME_RECORD], MATCH(Table1[[#This Row],[HomeTeam]],Table2[Team], 0), 0) -> 0-0-0 | AQ30: =INDEX(Records!$B$2:$AG$33, MATCH(Table1[[#This Row],[HomeTeam]],Records!$A$2:$A$33, 0), MATCH(Table1[[#This Row],[AwayTeam]],Records!$A$2:$A$33, 0)) -> 0-0-0
D31: 2026-10-03 | E31: 21:00 | F31: 2026020030 | G31: DAL | H31: NSH | L31: =IF(OR(Table1[[#This Row],[PredictedAwayScore]]=Table1[[#This Row],[PredictedHomeScore]],AND(ISBLANK(Table1[[#This Row],[PredictedAwayScore]]),ISBLANK(Table1[[#This Row],[PredictedHomeScore]]))),"",IF(Table1[[#This Row],[PredictedAwayScore]]>Table1[[#This Row],[PredictedHomeScore]],Table1[[#This Row],[AwayTeam]],Table1[[#This Row],[HomeTeam]])) | P31: =IF(OR(Table1[[#This Row],[ActualAwayScore]]=Table1[[#This Row],[ActualHomeScore]],AND(ISBLANK(Table1[[#This Row],[ActualAwayScore]]),ISBLANK(Table1[[#This Row],[ActualHomeScore]]))),"",IF(Table1[[#This Row],[ActualAwayScore]]>Table1[[#This Row],[ActualHomeScore]],Table1[[#This Row],[AwayTeam]], Table1[[#This Row],[HomeTeam]])) | T31: =IF(Table1[[#This Row],[ActualWinner]]="", "", IF(Table1[[#This Row],[AwayTeam]]=Table1[[#This Row],[ActualWinner]],Table1[[#This Row],[HomeTeam]],Table1[[#This Row],[AwayTeam]])) | U31: =Table1[[#This Row],[ActualAwayScore]]-Table1[[#This Row],[PredictedAwayScore]] -> 0 | V31: =Table1[[#This Row],[ActualHomeScore]]-Table1[[#This Row],[PredictedHomeScore]] -> 0 | W31: =(0.8*IF(Table1[[#This Row],[CorrectWinnerPrediction]]=1, 1, 0))+(0.1*IF(Table1[[#This Row],[CorrectAwayScorePrediction]]=1, 1, 0))+(0.1*IF(Table1[[#This Row],[CorrectHomeScorePrediction]]=1, 1, 0)) -> 0 | X31: =(0.8*IF(Table1[[#This Row],[CorrectWinnerPrediction]]=1, 1, 0))+(0.1*IF(Table1[[#This Row],[CorrectAwayScorePrediction]]=1, 1, 0))+(0.1*IF(Table1[[#This Row],[CorrectHomeScorePrediction]]=1, 1, 0)) + (0.8 * IF(OR(Table1[[#This Row],[PredictedResult]]="REG",Table1[[#This Row],[CorrectWinnerPrediction]]=1), 0, IF(Table1[[#This Row],[ActualResult]]="OT", 0.85, IF(Table1[[#This Row],[ActualResult]]="SO", 0.95, 0)))) -> 0 | Z31: =SUMIF(Table1[GameDate], Table1[[#This Row],[GameDate]], Table1[AwayGameGoalDiff]) -> 0 | AA31: =SUMIF(Table1[GameDate], Table1[[#This Row],[GameDate]], Table1[HomeGameGoalDiff]) -> 0 | AB31: =IF(ISBLANK(Table1[[#This Row],[ActualResult]]), 0, 1) -> 0 | AC31: =IF(ISBLANK(Table1[[#This Row],[ActualResult]]), 0, IF(Table1[[#This Row],[ActualWinner]]=Table1[[#This Row],[PredictedWinner]], 1, 0)) -> 0 | AD31: =IF(Table1[[#This Row],[ActualAwayScore]]>Table1[[#This Row],[PredictedAwayScore]], 0, IF(ISBLANK(Table1[[#This Row],[ActualResult]]), 0, IF(Table1[[#This Row],[ActualAwayScore]]=Table1[[#This Row],[PredictedAwayScore]], 1,0))) -> 0 | AE31: =IF(Table1[[#This Row],[ActualHomeScore]]>Table1[[#This Row],[PredictedHomeScore]], 0, IF(ISBLANK(Table1[[#This Row],[ActualResult]]), 0, IF(Table1[[#This Row],[ActualHomeScore]]=Table1[[#This Row],[PredictedHomeScore]], 1, 0))) -> 0 | AF31: =IF(AND(Table1[[#This Row],[GameIsOver]]=1,Table1[[#This Row],[ActualAwayScore]]=0), 1,0) -> 0 | AG31: =IF(AND(Table1[[#This Row],[GameIsOver]]=1,Table1[[#This Row],[ActualHomeScore]]=0), 1,0) -> 0 | AH31: =IF(Table1[[#This Row],[GameIsOver]]=0,0,IF(Table1[[#This Row],[ActualWinner]]=Table1[[#This Row],[AwayTeam]], 1, 0)) -> 0 | AI31: =IF(Table1[[#This Row],[GameIsOver]]=0,0,IF(Table1[[#This Row],[ActualWinner]]=Table1[[#This Row],[HomeTeam]], 1, 0)) -> 0 | AJ31: =IF(INDEX(Standings!$A$2:$C$33,MATCH(Table1[[#This Row],[AwayTeam]],Standings!$A$2:$A$33,0),2)=INDEX(Standings!$A$2:$C$33,MATCH(Table1[[#This Row],[HomeTeam]],Standings!$A$2:$A$33,0),2),1,0) -> 1 | AK31: =IF(INDEX(Standings!$A$2:$C$33,MATCH(Table1[[#This Row],[AwayTeam]],Standings!$A$2:$A$33,0),3)=INDEX(Standings!$A$2:$C$33,MATCH(Table1[[#This Row],[HomeTeam]],Standings!$A$2:$A$33,0),3),1,0) -> 1 | AL31: =IF(Table1[[#This Row],[InterConf]]=1,IF(Table1[[#This Row],[InterDiv]]=0, 1, 0), 0) -> 0 | AM31: =IF(INDEX(Standings!$A$2:$C$33,MATCH(Table1[[#This Row],[AwayTeam]],Standings!$A$2:$A$33,0),2)<>INDEX(Standings!$A$2:$C$33,MATCH(Table1[[#This Row],[HomeTeam]],Standings!$A$2:$A$33,0),2),1,0) -> 0 | AN31: =INDEX(Table2[AWAY_RECORD], MATCH(Table1[[#This Row],[AwayTeam]],Table2[Team], 0), 0) -> 0-0-0 | AO31: =INDEX(Records!$B$2:$AG$33, MATCH(Table1[[#This Row],[AwayTeam]],Records!$A$2:$A$33, 0), MATCH(Table1[[#This Row],[HomeTeam]],Records!$A$2:$A$33, 0)) -> 0-0-0 | AP31: =INDEX(Table2[HOME_RECORD], MATCH(Table1[[#This Row],[HomeTeam]],Table2[Team], 0), 0) -> 1-0-0 | AQ31: =INDEX(Records!$B$2:$AG$33, MATCH(Table1[[#This Row],[HomeTeam]],Records!$A$2:$A$33, 0), MATCH(Table1[[#This Row],[AwayTeam]],Records!$A$2:$A$33, 0)) -> 0-0-0
D32: 2026-10-03 | E32: 21:00 | F32: 2026020031 | G32: BOS | H32: MIN | L32: =IF(OR(Table1[[#This Row],[PredictedAwayScore]]=Table1[[#This Row],[PredictedHomeScore]],AND(ISBLANK(Table1[[#This Row],[PredictedAwayScore]]),ISBLANK(Table1[[#This Row],[PredictedHomeScore]]))),"",IF(Table1[[#This Row],[PredictedAwayScore]]>Table1[[#This Row],[PredictedHomeScore]],Table1[[#This Row],[AwayTeam]],Table1[[#This Row],[HomeTeam]])) | P32: =IF(OR(Table1[[#This Row],[ActualAwayScore]]=Table1[[#This Row],[ActualHomeScore]],AND(ISBLANK(Table1[[#This Row],[ActualAwayScore]]),ISBLANK(Table1[[#This Row],[ActualHomeScore]]))),"",IF(Table1[[#This Row],[ActualAwayScore]]>Table1[[#This Row],[ActualHomeScore]],Table1[[#This Row],[AwayTeam]], Table1[[#This Row],[HomeTeam]])) | T32: =IF(Table1[[#This Row],[ActualWinner]]="", "", IF(Table1[[#This Row],[AwayTeam]]=Table1[[#This Row],[ActualWinner]],Table1[[#This Row],[HomeTeam]],Table1[[#This Row],[AwayTeam]])) | U32: =Table1[[#This Row],[ActualAwayScore]]-Table1[[#This Row],[PredictedAwayScore]] -> 0 | V32: =Table1[[#This Row],[ActualHomeScore]]-Table1[[#This Row],[PredictedHomeScore]] -> 0 | W32: =(0.8*IF(Table1[[#This Row],[CorrectWinnerPrediction]]=1, 1, 0))+(0.1*IF(Table1[[#This Row],[CorrectAwayScorePrediction]]=1, 1, 0))+(0.1*IF(Table1[[#This Row],[CorrectHomeScorePrediction]]=1, 1, 0)) -> 0 | X32: =(0.8*IF(Table1[[#This Row],[CorrectWinnerPrediction]]=1, 1, 0))+(0.1*IF(Table1[[#This Row],[CorrectAwayScorePrediction]]=1, 1, 0))+(0.1*IF(Table1[[#This Row],[CorrectHomeScorePrediction]]=1, 1, 0)) + (0.8 * IF(OR(Table1[[#This Row],[PredictedResult]]="REG",Table1[[#This Row],[CorrectWinnerPrediction]]=1), 0, IF(Table1[[#This Row],[ActualResult]]="OT", 0.85, IF(Table1[[#This Row],[ActualResult]]="SO", 0.95, 0)))) -> 0 | Z32: =SUMIF(Table1[GameDate], Table1[[#This Row],[GameDate]], Table1[AwayGameGoalDiff]) -> 0 | AA32: =SUMIF(Table1[GameDate], Table1[[#This Row],[GameDate]], Table1[HomeGameGoalDiff]) -> 0 | AB32: =IF(ISBLANK(Table1[[#This Row],[ActualResult]]), 0, 1) -> 0 | AC32: =IF(ISBLANK(Table1[[#This Row],[ActualResult]]), 0, IF(Table1[[#This Row],[ActualWinner]]=Table1[[#This Row],[PredictedWinner]], 1, 0)) -> 0 | AD32: =IF(Table1[[#This Row],[ActualAwayScore]]>Table1[[#This Row],[PredictedAwayScore]], 0, IF(ISBLANK(Table1[[#This Row],[ActualResult]]), 0, IF(Table1[[#This Row],[ActualAwayScore]]=Table1[[#This Row],[PredictedAwayScore]], 1,0))) -> 0 | AE32: =IF(Table1[[#This Row],[ActualHomeScore]]>Table1[[#This Row],[PredictedHomeScore]], 0, IF(ISBLANK(Table1[[#This Row],[ActualResult]]), 0, IF(Table1[[#This Row],[ActualHomeScore]]=Table1[[#This Row],[PredictedHomeScore]], 1, 0))) -> 0 | AF32: =IF(AND(Table1[[#This Row],[GameIsOver]]=1,Table1[[#This Row],[ActualAwayScore]]=0), 1,0) -> 0 | AG32: =IF(AND(Table1[[#This Row],[GameIsOver]]=1,Table1[[#This Row],[ActualHomeScore]]=0), 1,0) -> 0 | AH32: =IF(Table1[[#This Row],[GameIsOver]]=0,0,IF(Table1[[#This Row],[ActualWinner]]=Table1[[#This Row],[AwayTeam]], 1, 0)) -> 0 | AI32: =IF(Table1[[#This Row],[GameIsOver]]=0,0,IF(Table1[[#This Row],[ActualWinner]]=Table1[[#This Row],[HomeTeam]], 1, 0)) -> 0 | AJ32: =IF(INDEX(Standings!$A$2:$C$33,MATCH(Table1[[#This Row],[AwayTeam]],Standings!$A$2:$A$33,0),2)=INDEX(Standings!$A$2:$C$33,MATCH(Table1[[#This Row],[HomeTeam]],Standings!$A$2:$A$33,0),2),1,0) -> 0 | AK32: =IF(INDEX(Standings!$A$2:$C$33,MATCH(Table1[[#This Row],[AwayTeam]],Standings!$A$2:$A$33,0),3)=INDEX(Standings!$A$2:$C$33,MATCH(Table1[[#This Row],[HomeTeam]],Standings!$A$2:$A$33,0),3),1,0) -> 0 | AL32: =IF(Table1[[#This Row],[InterConf]]=1,IF(Table1[[#This Row],[InterDiv]]=0, 1, 0), 0) -> 0 | AM32: =IF(INDEX(Standings!$A$2:$C$33,MATCH(Table1[[#This Row],[AwayTeam]],Standings!$A$2:$A$33,0),2)<>INDEX(Standings!$A$2:$C$33,MATCH(Table1[[#This Row],[HomeTeam]],Standings!$A$2:$A$33,0),2),1,0) -> 1 | AN32: =INDEX(Table2[AWAY_RECORD], MATCH(Table1[[#This Row],[AwayTeam]],Table2[Team], 0), 0) -> 0-0-1 | AO32: =INDEX(Records!$B$2:$AG$33, MATCH(Table1[[#This Row],[AwayTeam]],Records!$A$2:$A$33, 0), MATCH(Table1[[#This Row],[HomeTeam]],Records!$A$2:$A$33, 0)) -> 0-0-0 | AP32: =INDEX(Table2[HOME_RECORD], MATCH(Table1[[#This Row],[HomeTeam]],Table2[Team], 0), 0) -> 0-0-0 | AQ32: =INDEX(Records!$B$2:$AG$33, MATCH(Table1[[#This Row],[HomeTeam]],Records!$A$2:$A$33, 0), MATCH(Table1[[#This Row],[AwayTeam]],Records!$A$2:$A$33, 0)) -> 0-0-0
... D1345: 2027-04-10 | E1345: 23:30 | F1345: 2026021344 | G1345: LAK | H1345: VGK | L1345: =IF(OR(Table1[[#This Row],[PredictedAwayScore]]=Table1[[#This Row],[PredictedHomeScore]],AND(ISBLANK(Table1[[#This Row],[PredictedAwayScore]]),ISBLANK(Table1[[#This Row],[PredictedHomeScore]]))),"",IF(Table1[[#This Row],[PredictedAwayScore]]>Table1[[#This Row],[PredictedHomeScore]],Table1[[#This Row],[AwayTeam]],Table1[[#This Row],[HomeTeam]])) | P1345: =IF(OR(Table1[[#This Row],[ActualAwayScore]]=Table1[[#This Row],[ActualHomeScore]],AND(ISBLANK(Table1[[#This Row],[ActualAwayScore]]),ISBLANK(Table1[[#This Row],[ActualHomeScore]]))),"",IF(Table1[[#This Row],[ActualAwayScore]]>Table1[[#This Row],[ActualHomeScore]],Table1[[#This Row],[AwayTeam]], Table1[[#This Row],[HomeTeam]])) | T1345: =IF(Table1[[#This Row],[ActualWinner]]="", "", IF(Table1[[#This Row],[AwayTeam]]=Table1[[#This Row],[ActualWinner]],Table1[[#This Row],[HomeTeam]],Table1[[#This Row],[AwayTeam]])) | U1345: =Table1[[#This Row],[ActualAwayScore]]-Table1[[#This Row],[PredictedAwayScore]] -> 0 | V1345: =Table1[[#This Row],[ActualHomeScore]]-Table1[[#This Row],[PredictedHomeScore]] -> 0 | W1345: =(0.8*IF(Table1[[#This Row],[CorrectWinnerPrediction]]=1, 1, 0))+(0.1*IF(Table1[[#This Row],[CorrectAwayScorePrediction]]=1, 1, 0))+(0.1*IF(Table1[[#This Row],[CorrectHomeScorePrediction]]=1, 1, 0)) -> 0 | X1345: =(0.8*IF(Table1[[#This Row],[CorrectWinnerPrediction]]=1, 1, 0))+(0.1*IF(Table1[[#This Row],[CorrectAwayScorePrediction]]=1, 1, 0))+(0.1*IF(Table1[[#This Row],[CorrectHomeScorePrediction]]=1, 1, 0)) + (0.8 * IF(OR(Table1[[#This Row],[PredictedResult]]="REG",Table1[[#This Row],[CorrectWinnerPrediction]]=1), 0, IF(Table1[[#This Row],[ActualResult]]="OT", 0.85, IF(Table1[[#This Row],[ActualResult]]="SO", 0.95, 0)))) -> 0 | Z1345: =SUMIF(Table1[GameDate], Table1[[#This Row],[GameDate]], Table1[AwayGameGoalDiff]) -> 0 | AA1345: =SUMIF(Table1[GameDate], Table1[[#This Row],[GameDate]], Table1[HomeGameGoalDiff]) -> 0 | AB1345: =IF(ISBLANK(Table1[[#This Row],[ActualResult]]), 0, 1) -> 0 | AC1345: =IF(ISBLANK(Table1[[#This Row],[ActualResult]]), 0, IF(Table1[[#This Row],[ActualWinner]]=Table1[[#This Row],[PredictedWinner]], 1, 0)) -> 0 | AD1345: =IF(Table1[[#This Row],[ActualAwayScore]]>Table1[[#This Row],[PredictedAwayScore]], 0, IF(ISBLANK(Table1[[#This Row],[ActualResult]]), 0, IF(Table1[[#This Row],[ActualAwayScore]]=Table1[[#This Row],[PredictedAwayScore]], 1,0))) -> 0 | AE1345: =IF(Table1[[#This Row],[ActualHomeScore]]>Table1[[#This Row],[PredictedHomeScore]], 0, IF(ISBLANK(Table1[[#This Row],[ActualResult]]), 0, IF(Table1[[#This Row],[ActualHomeScore]]=Table1[[#This Row],[PredictedHomeScore]], 1, 0))) -> 0 | AF1345: =IF(AND(Table1[[#This Row],[GameIsOver]]=1,Table1[[#This Row],[ActualAwayScore]]=0), 1,0) -> 0 | AG1345: =IF(AND(Table1[[#This Row],[GameIsOver]]=1,Table1[[#This Row],[ActualHomeScore]]=0), 1,0) -> 0 | AH1345: =IF(Table1[[#This Row],[GameIsOver]]=0,0,IF(Table1[[#This Row],[ActualWinner]]=Table1[[#This Row],[AwayTeam]], 1, 0)) -> 0 | AI1345: =IF(Table1[[#This Row],[GameIsOver]]=0,0,IF(Table1[[#This Row],[ActualWinner]]=Table1[[#This Row],[HomeTeam]], 1, 0)) -> 0 | AJ1345: =IF(INDEX(Standings!$A$2:$C$33,MATCH(Table1[[#This Row],[AwayTeam]],Standings!$A$2:$A$33,0),2)=INDEX(Standings!$A$2:$C$33,MATCH(Table1[[#This Row],[HomeTeam]],Standings!$A$2:$A$33,0),2),1,0) -> 1 | AK1345: =IF(INDEX(Standings!$A$2:$C$33,MATCH(Table1[[#This Row],[AwayTeam]],Standings!$A$2:$A$33,0),3)=INDEX(Standings!$A$2:$C$33,MATCH(Table1[[#This Row],[HomeTeam]],Standings!$A$2:$A$33,0),3),1,0) -> 1 | AL1345: =IF(Table1[[#This Row],[InterConf]]=1,IF(Table1[[#This Row],[InterDiv]]=0, 1, 0), 0) -> 0 | AM1345: =IF(INDEX(Standings!$A$2:$C$33,MATCH(Table1[[#This Row],[AwayTeam]],Standings!$A$2:$A$33,0),2)<>INDEX(Standings!$A$2:$C$33,MATCH(Table1[[#This Row],[HomeTeam]],Standings!$A$2:$A$33,0),2),1,0) -> 0 | AN1345: =INDEX(Table2[AWAY_RECORD], MATCH(Table1[[#This Row],[AwayTeam]],Table2[Team], 0), 0) -> 1-0-0 | AO1345: =INDEX(Records!$B$2:$AG$33, MATCH(Table1[[#This Row],[AwayTeam]],Records!$A$2:$A$33, 0), MATCH(Table1[[#This Row],[HomeTeam]],Records!$A$2:$A$33, 0)) -> 0-0-0 | AP1345: =INDEX(Table2[HOME_RECORD], MATCH(Table1[[#This Row],[HomeTeam]],Table2[Team], 0), 0) -> 0-0-1 | AQ1345: =INDEX(Records!$B$2:$AG$33, MATCH(Table1[[#This Row],[HomeTeam]],Records!$A$2:$A$33, 0), MATCH(Table1[[#This Row],[AwayTeam]],Records!$A$2:$A$33, 0)) -> 0-0-0

Sheet Graph
A1: Team | B1: Conf | C1: Div | D1: 46299 | E1: 46300 | F1: 46301 | G1: 46302 | H1: 46303 | I1: 46304 | J1: 46305 | K1: 46306 | L1: 46307 | M1: 46308 | N1: 46309 | O1: 46310 | P1: 46311 | Q1: 46312 | R1: 46313 | S1: 46314 | T1: 46315 | U1: 46316 | V1: 46317 | W1: 46318 | X1: 46319 | Y1: 46320 | Z1: 46321 | AA1: 46322 | AB1: 46323 | AC1: 46324 | AD1: 46325 | AE1: 46326 | AF1: 46327 | AG1: 46328 | AH1: 46329 | AI1: 46330 | AJ1: 46331 | AK1: 46332 | AL1: 46333 | AM1: 46334 | AN1: 46335 | AO1: 46336 | AP1: 46337 | AQ1: 46338 | AR1: 46339 | AS1: 46340 | AT1: 46341 | AU1: 46342 | AV1: 46343 | AW1: 46344 | AX1: 46345 | AY1: 46346 | AZ1: 46347 | BA1: 46348 | BB1: 46349 | BC1: 46350 | BD1: 46351 | BE1: 46352 | BF1: 46353 | BG1: 46354 | BH1: 46355 | BI1: 46356 | BJ1: 46357 | BK1: 46358 | BL1: 46359 | BM1: 46360 | BN1: 46361 | BO1: 46362 | BP1: 46363 | BQ1: 46364 | BR1: 46365 | BS1: 46366 | BT1: 46367 | BU1: 46368 | BV1: 46369 | BW1: 46370 | BX1: 46371 | BY1: 46372 | BZ1: 46373 | CA1: 46374 | CB1: 46375 | CC1: 46376 | CD1: 46377 | CE1: 46378 | CF1: 46379 | CG1: 46380 | CH1: 46381 | CI1: 46382 | CJ1: 46383 | CK1: 46384 | CL1: 46385 | CM1: 46386 | CN1: 46387 | CO1: 46388 | CP1: 46389 | CQ1: 46390 | CR1: 46391 | CS1: 46392 | CT1: 46393 | CU1: 46394 | CV1: 46395 | CW1: 46396 | CX1: 46397 | CY1: 46398 | CZ1: 46399 | DA1: 46400 | DB1: 46401 | DC1: 46402 | DD1: 46403 | DE1: 46404 | DF1: 46405 | DG1: 46406 | DH1: 46407 | DI1: 46408 | DJ1: 46409 | DK1: 46410 | DL1: 46411 | DM1: 46412 | DN1: 46413 | DO1: 46414 | DP1: 46415 | DQ1: 46416 | DR1: 46417 | DS1: 46418 | DT1: 46419 | DU1: 46420 | DV1: 46421 | DW1: 46422 | DX1: 46423 | DY1: 46424 | DZ1: 46425 | EA1: 46426 | EB1: 46427 | EC1: 46428 | ED1: 46429 | EE1: 46430 | EF1: 46431 | EG1: 46432 | EH1: 46433 | EI1: 46434 | EJ1: 46435 | EK1: 46436 | EL1: 46437 | EM1: 46438 | EN1: 46439 | EO1: 46440 | EP1: 46441 | EQ1: 46442 | ER1: 46443 | ES1: 46444 | ET1: 46445 | EU1: 46446 | EV1: 46447 | EW1: 46448 | EX1: 46449 | EY1: 46450 | EZ1: 46451 | FA1: 46452 | FB1: 46453 | FC1: 46454 | FD1: 46455 | FE1: 46456 | FF1: 46457 | FG1: 46458 | FH1: 46459 | FI1: 46460 | FJ1: 46461 | FK1: 46462 | FL1: 46463 | FM1: 46464 | FN1: 46465 | FO1: 46466 | FP1: 46467 | FQ1: 46468 | FR1: 46469 | FS1: 46470 | FT1: 46471 | FU1: 46472 | FV1: 46473 | FW1: 46474 | FX1: 46475 | FY1: 46476 | FZ1: 46477 | GA1: 46478 | GB1: 46479 | GC1: 46480 | GD1: 46481 | GE1: 46482 | GF1: 46483 | GG1: 46484 | GH1: 46485 | GI1: 46486 | GJ1: 46487 | GK1: 46488 | GL1: 46489 | GM1: 46490 | GN1: 46491 | GO1: 46492 | GP1: 46493 | GQ1: 46494 | GR1: 46495 | GS1: 46496 | GT1: 46497
A2: ANA | B2: W | C2: P
A3: BOS | B3: E | C3: A
A4: BUF | B4: E | C4: A
A5: CGY | B5: W | C5: P
A6: CAR | B6: E | C6: M
A7: CHI | B7: W | C7: C
A8: COL | B8: W | C8: C
A9: CBJ | B9: E | C9: M
A10: DAL | B10: W | C10: C
A11: DET | B11: E | C11: A
A12: EDM | B12: W | C12: P
A13: FLA | B13: E | C13: A
... A33: WPG | B33: W | C33: C

Sheet CTG
A1: HOME > | C1: ANA | E1: CGY | G1: EDM | I1: LAK | K1: SEA | M1: SJS | O1: VAN | Q1: VGK | S1: CHI | U1: COL | W1: DAL | Y1: MIN | AA1: NSH | AC1: STL | AE1: UTA | AG1: WPG | AI1: CAR | AK1: CBJ | AM1: NJD | AO1: NYI | AQ1: NYR | AS1: PHI | AU1: PIT | AW1: WSH | AY1: BOS | BA1: BUF | BC1: DET | BE1: FLA | BG1: MTL | BI1: OTT | BK1: TBL | BM1: TOR | BP1: GP | BQ1: GR
A2: AWAY V | C2: A | D2: H | E2: A | F2: H | G2: A | H2: H | I2: A | J2: H | K2: A | L2: H | M2: A | N2: H | O2: A | P2: H | Q2: A | R2: H | S2: A | T2: H | U2: A | V2: H | W2: A | X2: H | Y2: A | Z2: H | AA2: A | AB2: H | AC2: A | AD2: H | AE2: A | AF2: H | AG2: A | AH2: H | AI2: A | AJ2: H | AK2: A | AL2: H | AM2: A | AN2: H | AO2: A | AP2: H | AQ2: A | AR2: H | AS2: A | AT2: H | AU2: A | AV2: H | AW2: A | AX2: H | AY2: A | AZ2: H | BA2: A | BB2: H | BC2: A | BD2: H | BE2: A | BF2: H | BG2: A | BH2: H | BI2: A | BJ2: H | BK2: A | BL2: H | BM2: A | BN2: H
A3: ANA | B3: A | BO3: =SUM(C3:BN3) -> 0 | BP3: =BO3+BO4 -> 0 | BQ3: =84-BP3 -> 84 | BR3: =BP3/(BP3+BQ3) -> 0
B4: H | BO4: =SUM(C4:BN4) -> 0
A5: CGY | B5: A | BO5: =SUM(C5:BN5) -> 0 | BP5: =BO5+BO6 -> 0 | BQ5: =84-BP5 -> 84 | BR5: =BP5/(BP5+BQ5) -> 0
B6: H | BO6: =SUM(C6:BN6) -> 0
A7: EDM | B7: A | BO7: =SUM(C7:BN7) -> 0 | BP7: =BO7+BO8 -> 0 | BQ7: =84-BP7 -> 84 | BR7: =BP7/(BP7+BQ7) -> 0
B8: H | BO8: =SUM(C8:BN8) -> 0
A9: LAK | B9: A | BO9: =SUM(C9:BN9) -> 0 | BP9: =BO9+BO10 -> 0 | BQ9: =84-BP9 -> 84 | BR9: =BP9/(BP9+BQ9) -> 0
B10: H | BO10: =SUM(C10:BN10) -> 0
A11: SEA | B11: A | BO11: =SUM(C11:BN11) -> 0 | BP11: =BO11+BO12 -> 0 | BQ11: =84-BP11 -> 84 | BR11: =BP11/(BP11+BQ11) -> 0
B12: H | BO12: =SUM(C12:BN12) -> 0
A13: SJS | B13: A | BO13: =SUM(C13:BN13) -> 0 | BP13: =BO13+BO14 -> 0 | BQ13: =84-BP13 -> 84 | BR13: =BP13/(BP13+BQ13) -> 0
B14: H | BO14: =SUM(C14:BN14) -> 0
A15: VAN | B15: A | BO15: =SUM(C15:BN15) -> 0 | BP15: =BO15+BO16 -> 0 | BQ15: =84-BP15 -> 84 | BR15: =BP15/(BP15+BQ15) -> 0
B16: H | BO16: =SUM(C16:BN16) -> 0
A17: VGK | B17: A | BO17: =SUM(C17:BN17) -> 0 | BP17: =BO17+BO18 -> 0 | BQ17: =84-BP17 -> 84 | BR17: =BP17/(BP17+BQ17) -> 0
B18: H | BO18: =SUM(C18:BN18) -> 0
A19: CHI | B19: A | BO19: =SUM(C19:BN19) -> 0 | BP19: =BO19+BO20 -> 0 | BQ19: =84-BP19 -> 84 | BR19: =BP19/(BP19+BQ19) -> 0
B20: H | BO20: =SUM(C20:BN20) -> 0
A21: COL | B21: A | BO21: =SUM(C21:BN21) -> 0 | BP21: =BO21+BO22 -> 0 | BQ21: =84-BP21 -> 84 | BR21: =BP21/(BP21+BQ21) -> 0
B22: H | BO22: =SUM(C22:BN22) -> 0
A23: DAL | B23: A | BO23: =SUM(C23:BN23) -> 0 | BP23: =BO23+BO24 -> 0 | BQ23: =84-BP23 -> 84 | BR23: =BP23/(BP23+BQ23) -> 0
B24: H | BO24: =SUM(C24:BN24) -> 0
A25: MIN | B25: A | BO25: =SUM(C25:BN25) -> 0 | BP25: =BO25+BO26 -> 0 | BQ25: =84-BP25 -> 84 | BR25: =BP25/(BP25+BQ25) -> 0
B26: H | BO26: =SUM(C26:BN26) -> 0
A27: NSH | B27: A | BO27: =SUM(C27:BN27) -> 0 | BP27: =BO27+BO28 -> 0 | BQ27: =84-BP27 -> 84 | BR27: =BP27/(BP27+BQ27) -> 0
B28: H | BO28: =SUM(C28:BN28) -> 0
A29: STL | B29: A | BO29: =SUM(C29:BN29) -> 0 | BP29: =BO29+BO30 -> 0 | BQ29: =84-BP29 -> 84 | BR29: =BP29/(BP29+BQ29) -> 0
B30: H | BO30: =SUM(C30:BN30) -> 0
A31: UTA | B31: A | BO31: =SUM(C31:BN31) -> 0 | BP31: =BO31+BO32 -> 0 | BQ31: =84-BP31 -> 84 | BR31: =BP31/(BP31+BQ31) -> 0
B32: H | BO32: =SUM(C32:BN32) -> 0
A33: WPG | B33: A | BO33: =SUM(C33:BN33) -> 0 | BP33: =BO33+BO34 -> 0 | BQ33: =84-BP33 -> 84 | BR33: =BP33/(BP33+BQ33) -> 0
B34: H | BO34: =SUM(C34:BN34) -> 0
A35: CAR | B35: A | BO35: =SUM(C35:BN35) -> 0 | BP35: =BO35+BO36 -> 0 | BQ35: =84-BP35 -> 84 | BR35: =BP35/(BP35+BQ35) -> 0
B36: H | BO36: =SUM(C36:BN36) -> 0
A37: CBJ | B37: A | BO37: =SUM(C37:BN37) -> 0 | BP37: =BO37+BO38 -> 0 | BQ37: =84-BP37 -> 84 | BR37: =BP37/(BP37+BQ37) -> 0
B38: H | BO38: =SUM(C38:BN38) -> 0
A39: NJD | B39: A | BO39: =SUM(C39:BN39) -> 0 | BP39: =BO39+BO40 -> 0 | BQ39: =84-BP39 -> 84 | BR39: =BP39/(BP39+BQ39) -> 0
B40: H | BO40: =SUM(C40:BN40) -> 0
A41: NYI | B41: A | BO41: =SUM(C41:BN41) -> 0 | BP41: =BO41+BO42 -> 0 | BQ41: =84-BP41 -> 84 | BR41: =BP41/(BP41+BQ41) -> 0
B42: H | BO42: =SUM(C42:BN42) -> 0
A43: NYR | B43: A | BO43: =SUM(C43:BN43) -> 0 | BP43: =BO43+BO44 -> 0 | BQ43: =84-BP43 -> 84 | BR43: =BP43/(BP43+BQ43) -> 0
B44: H | BO44: =SUM(C44:BN44) -> 0
A45: PHI | B45: A | BO45: =SUM(C45:BN45) -> 0 | BP45: =BO45+BO46 -> 0 | BQ45: =84-BP45 -> 84 | BR45: =BP45/(BP45+BQ45) -> 0
B46: H | BO46: =SUM(C46:BN46) -> 0
A47: PIT | B47: A | BO47: =SUM(C47:BN47) -> 0 | BP47: =BO47+BO48 -> 0 | BQ47: =84-BP47 -> 84 | BR47: =BP47/(BP47+BQ47) -> 0
B48: H | BO48: =SUM(C48:BN48) -> 0
A49: WSH | B49: A | BO49: =SUM(C49:BN49) -> 0 | BP49: =BO49+BO50 -> 0 | BQ49: =84-BP49 -> 84 | BR49: =BP49/(BP49+BQ49) -> 0
B50: H | BO50: =SUM(C50:BN50) -> 0
A51: BOS | B51: A | BO51: =SUM(C51:BN51) -> 0 | BP51: =BO51+BO52 -> 0 | BQ51: =84-BP51 -> 84 | BR51: =BP51/(BP51+BQ51) -> 0
B52: H | BO52: =SUM(C52:BN52) -> 0
A53: BUF | B53: A | BO53: =SUM(C53:BN53) -> 0 | BP53: =BO53+BO54 -> 0 | BQ53: =84-BP53 -> 84 | BR53: =BP53/(BP53+BQ53) -> 0
B54: H | BO54: =SUM(C54:BN54) -> 0
A55: DET | B55: A | BO55: =SUM(C55:BN55) -> 0 | BP55: =BO55+BO56 -> 0 | BQ55: =84-BP55 -> 84 | BR55: =BP55/(BP55+BQ55) -> 0
B56: H | BO56: =SUM(C56:BN56) -> 0
A57: FLA | B57: A | BO57: =SUM(C57:BN57) -> 0 | BP57: =BO57+BO58 -> 0 | BQ57: =84-BP57 -> 84 | BR57: =BP57/(BP57+BQ57) -> 0
B58: H | BO58: =SUM(C58:BN58) -> 0
A59: MTL | B59: A | BO59: =SUM(C59:BN59) -> 0 | BP59: =BO59+BO60 -> 0 | BQ59: =84-BP59 -> 84 | BR59: =BP59/(BP59+BQ59) -> 0
B60: H | BO60: =SUM(C60:BN60) -> 0
A61: OTT | B61: A | BO61: =SUM(C61:BN61) -> 0 | BP61: =BO61+BO62 -> 0 | BQ61: =84-BP61 -> 84 | BR61: =BP61/(BP61+BQ61) -> 0
B62: H | BO62: =SUM(C62:BN62) -> 0
A63: TBL | B63: A | BO63: =SUM(C63:BN63) -> 0 | BP63: =BO63+BO64 -> 0 | BQ63: =84-BP63 -> 84 | BR63: =BP63/(BP63+BQ63) -> 0
B64: H | BO64: =SUM(C64:BN64) -> 0
A65: TOR | B65: A | BO65: =SUM(C65:BN65) -> 0 | BP65: =BO65+BO66 -> 0 | BQ65: =84-BP65 -> 84 | BR65: =BP65/(BP65+BQ65) -> 0
B66: H | BO66: =SUM(C66:BN66) -> 0

Sheet Watched
A1: HOME > | C1: ANA | E1: CGY | G1: EDM | I1: LAK | K1: SEA | M1: SJS | O1: VAN | Q1: VGK | S1: CHI | U1: COL | W1: DAL | Y1: MIN | AA1: NSH | AC1: STL | AE1: UTA | AG1: WPG | AI1: CAR | AK1: CBJ | AM1: NJD | AO1: NYI | AQ1: NYR | AS1: PHI | AU1: PIT | AW1: WSH | AY1: BOS | BA1: BUF | BC1: DET | BE1: FLA | BG1: MTL | BI1: OTT | BK1: TBL | BM1: TOR | BP1: GP | BQ1: GR
A2: AWAY V | C2: A | D2: H | E2: A | F2: H | G2: A | H2: H | I2: A | J2: H | K2: A | L2: H | M2: A | N2: H | O2: A | P2: H | Q2: A | R2: H | S2: A | T2: H | U2: A | V2: H | W2: A | X2: H | Y2: A | Z2: H | AA2: A | AB2: H | AC2: A | AD2: H | AE2: A | AF2: H | AG2: A | AH2: H | AI2: A | AJ2: H | AK2: A | AL2: H | AM2: A | AN2: H | AO2: A | AP2: H | AQ2: A | AR2: H | AS2: A | AT2: H | AU2: A | AV2: H | AW2: A | AX2: H | AY2: A | AZ2: H | BA2: A | BB2: H | BC2: A | BD2: H | BE2: A | BF2: H | BG2: A | BH2: H | BI2: A | BJ2: H | BK2: A | BL2: H | BM2: A | BN2: H
A3: ANA | B3: A | BO3: =SUM(C3:BN3) -> 0 | BP3: =BO3+BO4 -> 0 | BQ3: =84-BP3 -> 84 | BR3: =BP3/(BP3+BQ3) -> 0
B4: H | BO4: =SUM(C4:BN4) -> 0
A5: CGY | B5: A | BO5: =SUM(C5:BN5) -> 0 | BP5: =BO5+BO6 -> 0 | BQ5: =84-BP5 -> 84 | BR5: =BP5/(BP5+BQ5) -> 0
B6: H | BO6: =SUM(C6:BN6) -> 0
A7: EDM | B7: A | BO7: =SUM(C7:BN7) -> 0 | BP7: =BO7+BO8 -> 0 | BQ7: =84-BP7 -> 84 | BR7: =BP7/(BP7+BQ7) -> 0
B8: H | BO8: =SUM(C8:BN8) -> 0
A9: LAK | B9: A | BO9: =SUM(C9:BN9) -> 0 | BP9: =BO9+BO10 -> 0 | BQ9: =84-BP9 -> 84 | BR9: =BP9/(BP9+BQ9) -> 0
B10: H | BO10: =SUM(C10:BN10) -> 0
A11: SEA | B11: A | BO11: =SUM(C11:BN11) -> 0 | BP11: =BO11+BO12 -> 0 | BQ11: =84-BP11 -> 84 | BR11: =BP11/(BP11+BQ11) -> 0
B12: H | BO12: =SUM(C12:BN12) -> 0
A13: SJS | B13: A | BO13: =SUM(C13:BN13) -> 0 | BP13: =BO13+BO14 -> 0 | BQ13: =84-BP13 -> 84 | BR13: =BP13/(BP13+BQ13) -> 0
B14: H | BO14: =SUM(C14:BN14) -> 0
A15: VAN | B15: A | BO15: =SUM(C15:BN15) -> 0 | BP15: =BO15+BO16 -> 0 | BQ15: =84-BP15 -> 84 | BR15: =BP15/(BP15+BQ15) -> 0
B16: H | BO16: =SUM(C16:BN16) -> 0
A17: VGK | B17: A | BO17: =SUM(C17:BN17) -> 0 | BP17: =BO17+BO18 -> 0 | BQ17: =84-BP17 -> 84 | BR17: =BP17/(BP17+BQ17) -> 0
B18: H | BO18: =SUM(C18:BN18) -> 0
A19: CHI | B19: A | BO19: =SUM(C19:BN19) -> 0 | BP19: =BO19+BO20 -> 0 | BQ19: =84-BP19 -> 84 | BR19: =BP19/(BP19+BQ19) -> 0
B20: H | BO20: =SUM(C20:BN20) -> 0
A21: COL | B21: A | BO21: =SUM(C21:BN21) -> 0 | BP21: =BO21+BO22 -> 0 | BQ21: =84-BP21 -> 84 | BR21: =BP21/(BP21+BQ21) -> 0
B22: H | BO22: =SUM(C22:BN22) -> 0
A23: DAL | B23: A | BO23: =SUM(C23:BN23) -> 0 | BP23: =BO23+BO24 -> 0 | BQ23: =84-BP23 -> 84 | BR23: =BP23/(BP23+BQ23) -> 0
B24: H | BO24: =SUM(C24:BN24) -> 0
A25: MIN | B25: A | BO25: =SUM(C25:BN25) -> 0 | BP25: =BO25+BO26 -> 0 | BQ25: =84-BP25 -> 84 | BR25: =BP25/(BP25+BQ25) -> 0
B26: H | BO26: =SUM(C26:BN26) -> 0
A27: NSH | B27: A | BO27: =SUM(C27:BN27) -> 0 | BP27: =BO27+BO28 -> 0 | BQ27: =84-BP27 -> 84 | BR27: =BP27/(BP27+BQ27) -> 0
B28: H | BO28: =SUM(C28:BN28) -> 0
A29: STL | B29: A | BO29: =SUM(C29:BN29) -> 0 | BP29: =BO29+BO30 -> 0 | BQ29: =84-BP29 -> 84 | BR29: =BP29/(BP29+BQ29) -> 0
B30: H | BO30: =SUM(C30:BN30) -> 0
A31: UTA | B31: A | BO31: =SUM(C31:BN31) -> 0 | BP31: =BO31+BO32 -> 0 | BQ31: =84-BP31 -> 84 | BR31: =BP31/(BP31+BQ31) -> 0
B32: H | BO32: =SUM(C32:BN32) -> 0
A33: WPG | B33: A | BO33: =SUM(C33:BN33) -> 0 | BP33: =BO33+BO34 -> 0 | BQ33: =84-BP33 -> 84 | BR33: =BP33/(BP33+BQ33) -> 0
B34: H | BO34: =SUM(C34:BN34) -> 0
A35: CAR | B35: A | BO35: =SUM(C35:BN35) -> 0 | BP35: =BO35+BO36 -> 0 | BQ35: =84-BP35 -> 84 | BR35: =BP35/(BP35+BQ35) -> 0
B36: H | BO36: =SUM(C36:BN36) -> 0
A37: CBJ | B37: A | BO37: =SUM(C37:BN37) -> 0 | BP37: =BO37+BO38 -> 0 | BQ37: =84-BP37 -> 84 | BR37: =BP37/(BP37+BQ37) -> 0
B38: H | BO38: =SUM(C38:BN38) -> 0
A39: NJD | B39: A | BO39: =SUM(C39:BN39) -> 0 | BP39: =BO39+BO40 -> 0 | BQ39: =84-BP39 -> 84 | BR39: =BP39/(BP39+BQ39) -> 0
B40: H | BO40: =SUM(C40:BN40) -> 0
A41: NYI | B41: A | BO41: =SUM(C41:BN41) -> 0 | BP41: =BO41+BO42 -> 0 | BQ41: =84-BP41 -> 84 | BR41: =BP41/(BP41+BQ41) -> 0
B42: H | BO42: =SUM(C42:BN42) -> 0
A43: NYR | B43: A | BO43: =SUM(C43:BN43) -> 0 | BP43: =BO43+BO44 -> 0 | BQ43: =84-BP43 -> 84 | BR43: =BP43/(BP43+BQ43) -> 0
B44: H | BO44: =SUM(C44:BN44) -> 0
A45: PHI | B45: A | BO45: =SUM(C45:BN45) -> 0 | BP45: =BO45+BO46 -> 0 | BQ45: =84-BP45 -> 84 | BR45: =BP45/(BP45+BQ45) -> 0
B46: H | BO46: =SUM(C46:BN46) -> 0
A47: PIT | B47: A | BO47: =SUM(C47:BN47) -> 0 | BP47: =BO47+BO48 -> 0 | BQ47: =84-BP47 -> 84 | BR47: =BP47/(BP47+BQ47) -> 0
B48: H | BO48: =SUM(C48:BN48) -> 0
A49: WSH | B49: A | BO49: =SUM(C49:BN49) -> 0 | BP49: =BO49+BO50 -> 0 | BQ49: =84-BP49 -> 84 | BR49: =BP49/(BP49+BQ49) -> 0
B50: H | BO50: =SUM(C50:BN50) -> 0
A51: BOS | B51: A | BO51: =SUM(C51:BN51) -> 0 | BP51: =BO51+BO52 -> 0 | BQ51: =84-BP51 -> 84 | BR51: =BP51/(BP51+BQ51) -> 0
B52: H | BO52: =SUM(C52:BN52) -> 0
A53: BUF | B53: A | BO53: =SUM(C53:BN53) -> 0 | BP53: =BO53+BO54 -> 0 | BQ53: =84-BP53 -> 84 | BR53: =BP53/(BP53+BQ53) -> 0
B54: H | BO54: =SUM(C54:BN54) -> 0
A55: DET | B55: A | BO55: =SUM(C55:BN55) -> 0 | BP55: =BO55+BO56 -> 0 | BQ55: =84-BP55 -> 84 | BR55: =BP55/(BP55+BQ55) -> 0
B56: H | BO56: =SUM(C56:BN56) -> 0
A57: FLA | B57: A | BO57: =SUM(C57:BN57) -> 0 | BP57: =BO57+BO58 -> 0 | BQ57: =84-BP57 -> 84 | BR57: =BP57/(BP57+BQ57) -> 0
B58: H | BO58: =SUM(C58:BN58) -> 0
A59: MTL | B59: A | BO59: =SUM(C59:BN59) -> 0 | BP59: =BO59+BO60 -> 0 | BQ59: =84-BP59 -> 84 | BR59: =BP59/(BP59+BQ59) -> 0
B60: H | BO60: =SUM(C60:BN60) -> 0
A61: OTT | B61: A | BO61: =SUM(C61:BN61) -> 0 | BP61: =BO61+BO62 -> 0 | BQ61: =84-BP61 -> 84 | BR61: =BP61/(BP61+BQ61) -> 0
B62: H | BO62: =SUM(C62:BN62) -> 0
A63: TBL | B63: A | BO63: =SUM(C63:BN63) -> 0 | BP63: =BO63+BO64 -> 0 | BQ63: =84-BP63 -> 84 | BR63: =BP63/(BP63+BQ63) -> 0
B64: H | BO64: =SUM(C64:BN64) -> 0
A65: TOR | B65: A | BO65: =SUM(C65:BN65) -> 0 | BP65: =BO65+BO66 -> 0 | BQ65: =84-BP65 -> 84 | BR65: =BP65/(BP65+BQ65) -> 0
B66: H | BO66: =SUM(C66:BN66) -> 0

Sheet Standings
A1: Team | B1: C | C1: D | D1: Watched | E1: PctWatched | F1: GP_A | G1: GP_H | H1: GP | I1: GR | J1: W_A | K1: RW_A | L1: OTW_A | M1: SOW_A | N1: L_A | O1: RL_A | P1: OTL_A | Q1: SOL_A | R1: W_H | S1: RW_H | T1: OTW_H | U1: SOW_H | V1: L_H | W1: RL_H | X1: OTL_H | Y1: SOL_H | Z1: W/L% | AA1: W | AB1: L | AC1: RW | AD1: RL | AE1: OTW | AF1: OTL | AG1: SOW | AH1: SOL | AI1: OT_SO_Record | AJ1: Total_ExtraTimes | AK1: ExtraTiem% | AL1: PctExtraTimeNeeded | AM1: PTS | AN1: PTS2 | AO1: PTS% | AP1: PTS2% | AQ1: MAX_PTS | AR1: MAX_PTS2 | AS1: PROJ_PTS | AT1: PROJ_PTS2 | AU1: RECORD | AV1: GF_A | AW1: GA_A | AX1: GD_A | AY1: GF_H | AZ1: GA_H | BA1: GD_H | BB1: GF_W | BC1: GF_L | BD1: GD_WL | BE1: GF | BF1: GA | BG1: GD | BH1: GFPG | BI1: GAPG | BJ1: GDPG | BK1: AWAY_RECORD | BL1: HOME_RECORD
A2: ANA | B2: W | C2: P | D2: =COUNTIFS(Table1[AwayTeam],Table2[[#This Row],[Team]],Table1[GameIsOver], 1, Table1[WatchedGame],1) + COUNTIFS(Table1[HomeTeam],Table2[[#This Row],[Team]],Table1[GameIsOver],1,Table1[WatchedGame],1) -> 0 | F2: =COUNTIFS(Table1[AwayTeam],Table2[[#This Row],[Team]], Table1[GameIsOver],1) -> 0 | G2: =COUNTIFS(Table1[HomeTeam],Table2[[#This Row],[Team]], Table1[GameIsOver],1) -> 0 | H2: =Table2[[#This Row],[GP_A]]+Table2[[#This Row],[GP_H]] -> 0 | I2: =84-Table2[[#This Row],[GP]] -> 84 | J2: =COUNTIFS(Table1[AwayTeam], Table2[[#This Row],[Team]], Table1[GameIsOver], 1, Table1[AwayWon],1) -> 0 | K2: =COUNTIFS(Table1[AwayTeam], Table2[[#This Row],[Team]], Table1[GameIsOver], 1, Table1[AwayWon],1, Table1[ActualResult], "REG") -> 0 | L2: =COUNTIFS(Table1[AwayTeam], Table2[[#This Row],[Team]], Table1[GameIsOver], 1, Table1[AwayWon],1, Table1[ActualResult], "OT") -> 0 | M2: =COUNTIFS(Table1[AwayTeam], Table2[[#This Row],[Team]], Table1[GameIsOver], 1, Table1[AwayWon],1, Table1[ActualResult], "SO") -> 0 | N2: =COUNTIFS(Table1[AwayTeam], Table2[[#This Row],[Team]], Table1[GameIsOver], 1, Table1[AwayWon],0) -> 0 | O2: =COUNTIFS(Table1[AwayTeam], Table2[[#This Row],[Team]], Table1[GameIsOver], 1, Table1[AwayWon],0, Table1[ActualResult], "REG") -> 0 | P2: =COUNTIFS(Table1[AwayTeam], Table2[[#This Row],[Team]], Table1[GameIsOver], 1, Table1[AwayWon],0, Table1[ActualResult], "OT") -> 0 | Q2: =COUNTIFS(Table1[AwayTeam], Table2[[#This Row],[Team]], Table1[GameIsOver], 1, Table1[AwayWon],0, Table1[ActualResult], "SO") -> 0 | R2: =COUNTIFS(Table1[HomeTeam], Table2[[#This Row],[Team]], Table1[GameIsOver], 1, Table1[HomeWon],1) -> 0 | S2: =COUNTIFS(Table1[HomeTeam], Table2[[#This Row],[Team]], Table1[GameIsOver], 1, Table1[HomeWon],1, Table1[ActualResult], "REG") -> 0 | T2: =COUNTIFS(Table1[HomeTeam], Table2[[#This Row],[Team]], Table1[GameIsOver], 1, Table1[HomeWon],1, Table1[ActualResult], "OT") -> 0 | U2: =COUNTIFS(Table1[HomeTeam], Table2[[#This Row],[Team]], Table1[GameIsOver], 1, Table1[HomeWon],1, Table1[ActualResult], "SO") -> 0 | V2: =COUNTIFS(Table1[HomeTeam], Table2[[#This Row],[Team]], Table1[GameIsOver], 1, Table1[HomeWon],0) -> 0 | W2: =COUNTIFS(Table1[HomeTeam], Table2[[#This Row],[Team]], Table1[GameIsOver], 1, Table1[HomeWon],0, Table1[ActualResult], "REG") -> 0 | X2: =COUNTIFS(Table1[HomeTeam], Table2[[#This Row],[Team]], Table1[GameIsOver], 1, Table1[HomeWon],0, Table1[ActualResult], "OT") -> 0 | Y2: =COUNTIFS(Table1[HomeTeam], Table2[[#This Row],[Team]], Table1[GameIsOver], 1, Table1[HomeWon],0, Table1[ActualResult], "SO") -> 0 | Z2: =Table2[[#This Row],[W]]/MAX(1,Table2[[#This Row],[W]]+Table2[[#This Row],[L]]) -> 0 | AA2: =Table2[[#This Row],[W_A]]+Table2[[#This Row],[W_H]] -> 0 | AB2: =Table2[[#This Row],[L_A]]+Table2[[#This Row],[L_H]] -> 0 | AC2: =Table2[RW_A]+Table2[RW_H] -> 0 | AD2: =Table2[RL_A]+Table2[RL_H] -> 0 | AE2: =Table2[OTW_A]+Table2[OTW_H] -> 0 | AF2: =Table2[OTL_A]+Table2[OTL_H] -> 0 | AG2: =Table2[SOW_A]+Table2[SOW_H] -> 0 | AH2: =Table2[SOL_A]+Table2[SOL_H] -> 0 | AI2: =_xlfn.CONCAT(TEXT(Table2[[#This Row],[OTW]]+Table2[[#This Row],[SOW]], "0"), "-", TEXT(Table2[[#This Row],[OTL]]+Table2[[#This Row],[SOL]],"0")) -> 0-0 | AJ2: =SUM(Table2[[#This Row],[OTW]],Table2[[#This Row],[OTL]],Table2[[#This Row],[SOW]],Table2[[#This Row],[SOL]]) -> 0 | AK2: =(Table2[[#This Row],[OTW]]+Table2[[#This Row],[SOW]])/IF(Table2[[#This Row],[Total_ExtraTimes]]=0,1,Table2[[#This Row],[Total_ExtraTimes]]) -> 0 | AL2: =Table2[[#This Row],[Total_ExtraTimes]]/MAX(1,Table2[[#This Row],[GP]]) -> 0 | AM2: =(2*(Table2[[#This Row],[W_A]]+Table2[[#This Row],[W_H]]))+Table2[[#This Row],[OTL_A]]+Table2[[#This Row],[SOL_A]]+Table2[[#This Row],[OTL_H]]+Table2[[#This Row],[SOL_H]] -> 0 | AN2: =(3*(Table2[[#This Row],[RW_A]]+Table2[[#This Row],[RW_H]]))+(2*(Table2[[#This Row],[OTW_A]]+Table2[[#This Row],[SOW_A]]+Table2[[#This Row],[OTW_H]]+Table2[[#This Row],[SOW_H]]))+Table2[[#This Row],[OTL_A]]+Table2[[#This Row],[SOL_A]]+Table2[[#This Row],[OTL_H]]+Table2[[#This Row],[SOL_H]] -> 0 | AO2: =Table2[[#This Row],[PTS]]/(2*Table2[[#This Row],[GP]]) -> #DIV/0! | AP2: =Table2[[#This Row],[PTS]]/(3*Table2[[#This Row],[GP]]) -> #DIV/0! | AQ2: =(2*Table2[[#This Row],[GR]])+Table2[[#This Row],[PTS]] -> 168 | AR2: =(3*Table2[[#This Row],[GR]])+Table2[[#This Row],[PTS]] -> 252 | AS2: =Table2[[#This Row],[PTS]]+(2 * Table2[[#This Row],[GR]] * Table2[[#This Row],[PTS%]]) -> #DIV/0! | AT2: =Table2[[#This Row],[PTS]]+(3 * Table2[[#This Row],[GR]] * Table2[[#This Row],[PTS%]]) -> #DIV/0! | AU2: =_xlfn.CONCAT(TEXT(Table2[[#This Row],[W]], "0"), "-", TEXT(Table2[[#This Row],[RL]],"0"), "-", TEXT(Table2[[#This Row],[OTL]]+Table2[[#This Row],[SOL]], "0")) -> 0-0-0 | AV2: =SUMIF(Table1[AwayTeam], Table2[[#This Row],[Team]], Table1[ActualAwayScore]) -> 0 | AW2: =SUMIF(Table1[AwayTeam], Table2[[#This Row],[Team]], Table1[ActualHomeScore]) -> 0 | AX2: =Table2[[#This Row],[GF_A]]-Table2[[#This Row],[GA_A]] -> 0 | AY2: =SUMIF(Table1[HomeTeam], Table2[[#This Row],[Team]], Table1[ActualHomeScore]) -> 0 | AZ2: =SUMIF(Table1[HomeTeam], Table2[[#This Row],[Team]], Table1[ActualAwayScore]) -> 0 | BA2: =Table2[[#This Row],[GF_H]]-Table2[[#This Row],[GA_H]] -> 0 | BB2: =SUMIFS(Table1[ActualAwayScore], Table1[AwayTeam], Table2[[#This Row],[Team]], Table1[AwayWon],1)+SUMIFS(Table1[ActualHomeScore], Table1[HomeTeam], Table2[[#This Row],[Team]], Table1[HomeWon],1) -> 0 | BC2: =SUMIFS(Table1[ActualAwayScore], Table1[AwayTeam], Table2[[#This Row],[Team]], Table1[AwayWon],0) + SUMIFS(Table1[ActualHomeScore], Table1[HomeTeam], Table2[[#This Row],[Team]], Table1[HomeWon],0) -> 0 | BD2: =Table2[[#This Row],[GF_W]]-Table2[[#This Row],[GF_L]] -> 0 | BE2: =Table2[[#This Row],[GF_A]]+Table2[[#This Row],[GF_H]] -> 0 | BF2: =Table2[[#This Row],[GA_A]]+Table2[[#This Row],[GA_H]] -> 0 | BG2: =Table2[[#This Row],[GF]]-Table2[[#This Row],[GA]] -> 0 | BH2: =Table2[[#This Row],[GF]]/Table2[[#This Row],[GP]] -> #DIV/0! | BI2: =Table2[[#This Row],[GA]]/Table2[[#This Row],[GP]] -> #DIV/0! | BJ2: =Table2[[#This Row],[GFPG]]-Table2[[#This Row],[GAPG]] -> #DIV/0! | BK2: =_xlfn.CONCAT(TEXT(Table2[[#This Row],[W_A]], "0"), "-", TEXT(Table2[[#This Row],[RL_A]],"0"), "-", TEXT(Table2[[#This Row],[OTL_A]]+Table2[[#This Row],[SOL_A]], "0")) -> 0-0-0 | BL2: =_xlfn.CONCAT(TEXT(Table2[[#This Row],[W_H]], "0"), "-", TEXT(Table2[[#This Row],[RL_H]],"0"), "-", TEXT(Table2[[#This Row],[OTL_H]]+Table2[[#This Row],[SOL_H]], "0")) -> 0-0-0
A3: BOS | B3: E | C3: A | D3: =COUNTIFS(Table1[AwayTeam],Table2[[#This Row],[Team]],Table1[GameIsOver], 1, Table1[WatchedGame],1) + COUNTIFS(Table1[HomeTeam],Table2[[#This Row],[Team]],Table1[GameIsOver],1,Table1[WatchedGame],1) -> 0 | F3: =COUNTIFS(Table1[AwayTeam],Table2[[#This Row],[Team]], Table1[GameIsOver],1) -> 1 | G3: =COUNTIFS(Table1[HomeTeam],Table2[[#This Row],[Team]], Table1[GameIsOver],1) -> 1 | H3: =Table2[[#This Row],[GP_A]]+Table2[[#This Row],[GP_H]] -> 2 | I3: =84-Table2[[#This Row],[GP]] -> 82 | J3: =COUNTIFS(Table1[AwayTeam], Table2[[#This Row],[Team]], Table1[GameIsOver], 1, Table1[AwayWon],1) -> 0 | K3: =COUNTIFS(Table1[AwayTeam], Table2[[#This Row],[Team]], Table1[GameIsOver], 1, Table1[AwayWon],1, Table1[ActualResult], "REG") -> 0 | L3: =COUNTIFS(Table1[AwayTeam], Table2[[#This Row],[Team]], Table1[GameIsOver], 1, Table1[AwayWon],1, Table1[ActualResult], "OT") -> 0 | M3: =COUNTIFS(Table1[AwayTeam], Table2[[#This Row],[Team]], Table1[GameIsOver], 1, Table1[AwayWon],1, Table1[ActualResult], "SO") -> 0 | N3: =COUNTIFS(Table1[AwayTeam], Table2[[#This Row],[Team]], Table1[GameIsOver], 1, Table1[AwayWon],0) -> 1 | O3: =COUNTIFS(Table1[AwayTeam], Table2[[#This Row],[Team]], Table1[GameIsOver], 1, Table1[AwayWon],0, Table1[ActualResult], "REG") -> 0 | P3: =COUNTIFS(Table1[AwayTeam], Table2[[#This Row],[Team]], Table1[GameIsOver], 1, Table1[AwayWon],0, Table1[ActualResult], "OT") -> 0 | Q3: =COUNTIFS(Table1[AwayTeam], Table2[[#This Row],[Team]], Table1[GameIsOver], 1, Table1[AwayWon],0, Table1[ActualResult], "SO") -> 1 | R3: =COUNTIFS(Table1[HomeTeam], Table2[[#This Row],[Team]], Table1[GameIsOver], 1, Table1[HomeWon],1) -> 0 | S3: =COUNTIFS(Table1[HomeTeam], Table2[[#This Row],[Team]], Table1[GameIsOver], 1, Table1[HomeWon],1, Table1[ActualResult], "REG") -> 0 | T3: =COUNTIFS(Table1[HomeTeam], Table2[[#This Row],[Team]], Table1[GameIsOver], 1, Table1[HomeWon],1, Table1[ActualResult], "OT") -> 0 | U3: =COUNTIFS(Table1[HomeTeam], Table2[[#This Row],[Team]], Table1[GameIsOver], 1, Table1[HomeWon],1, Table1[ActualResult], "SO") -> 0 | V3: =COUNTIFS(Table1[HomeTeam], Table2[[#This Row],[Team]], Table1[GameIsOver], 1, Table1[HomeWon],0) -> 1 | W3: =COUNTIFS(Table1[HomeTeam], Table2[[#This Row],[Team]], Table1[GameIsOver], 1, Table1[HomeWon],0, Table1[ActualResult], "REG") -> 1 | X3: =COUNTIFS(Table1[HomeTeam], Table2[[#This Row],[Team]], Table1[GameIsOver], 1, Table1[HomeWon],0, Table1[ActualResult], "OT") -> 0 | Y3: =COUNTIFS(Table1[HomeTeam], Table2[[#This Row],[Team]], Table1[GameIsOver], 1, Table1[HomeWon],0, Table1[ActualResult], "SO") -> 0 | Z3: =Table2[[#This Row],[W]]/MAX(1,Table2[[#This Row],[W]]+Table2[[#This Row],[L]]) -> 0 | AA3: =Table2[[#This Row],[W_A]]+Table2[[#This Row],[W_H]] -> 0 | AB3: =Table2[[#This Row],[L_A]]+Table2[[#This Row],[L_H]] -> 2 | AC3: =Table2[RW_A]+Table2[RW_H] -> 0 | AD3: =Table2[RL_A]+Table2[RL_H] -> 1 | AE3: =Table2[OTW_A]+Table2[OTW_H] -> 0 | AF3: =Table2[OTL_A]+Table2[OTL_H] -> 0 | AG3: =Table2[SOW_A]+Table2[SOW_H] -> 0 | AH3: =Table2[SOL_A]+Table2[SOL_H] -> 1 | AI3: =_xlfn.CONCAT(TEXT(Table2[[#This Row],[OTW]]+Table2[[#This Row],[SOW]], "0"), "-", TEXT(Table2[[#This Row],[OTL]]+Table2[[#This Row],[SOL]],"0")) -> 0-1 | AJ3: =SUM(Table2[[#This Row],[OTW]],Table2[[#This Row],[OTL]],Table2[[#This Row],[SOW]],Table2[[#This Row],[SOL]]) -> 1 | AK3: =(Table2[[#This Row],[OTW]]+Table2[[#This Row],[SOW]])/IF(Table2[[#This Row],[Total_ExtraTimes]]=0,1,Table2[[#This Row],[Total_ExtraTimes]]) -> 0 | AL3: =Table2[[#This Row],[Total_ExtraTimes]]/MAX(1,Table2[[#This Row],[GP]]) -> 0.5 | AM3: =(2*(Table2[[#This Row],[W_A]]+Table2[[#This Row],[W_H]]))+Table2[[#This Row],[OTL_A]]+Table2[[#This Row],[SOL_A]]+Table2[[#This Row],[OTL_H]]+Table2[[#This Row],[SOL_H]] -> 1 | AN3: =(3*(Table2[[#This Row],[RW_A]]+Table2[[#This Row],[RW_H]]))+(2*(Table2[[#This Row],[OTW_A]]+Table2[[#This Row],[SOW_A]]+Table2[[#This Row],[OTW_H]]+Table2[[#This Row],[SOW_H]]))+Table2[[#This Row],[OTL_A]]+Table2[[#This Row],[SOL_A]]+Table2[[#This Row],[OTL_H]]+Table2[[#This Row],[SOL_H]] -> 1 | AO3: =Table2[[#This Row],[PTS]]/(2*Table2[[#This Row],[GP]]) -> 0.25 | AP3: =Table2[[#This Row],[PTS]]/(3*Table2[[#This Row],[GP]]) -> 0.16666667 | AQ3: =(2*Table2[[#This Row],[GR]])+Table2[[#This Row],[PTS]] -> 165 | AR3: =(3*Table2[[#This Row],[GR]])+Table2[[#This Row],[PTS]] -> 247 | AS3: =Table2[[#This Row],[PTS]]+(2 * Table2[[#This Row],[GR]] * Table2[[#This Row],[PTS%]]) -> 42 | AT3: =Table2[[#This Row],[PTS]]+(3 * Table2[[#This Row],[GR]] * Table2[[#This Row],[PTS%]]) -> 62.5 | AU3: =_xlfn.CONCAT(TEXT(Table2[[#This Row],[W]], "0"), "-", TEXT(Table2[[#This Row],[RL]],"0"), "-", TEXT(Table2[[#This Row],[OTL]]+Table2[[#This Row],[SOL]], "0")) -> 0-1-1 | AV3: =SUMIF(Table1[AwayTeam], Table2[[#This Row],[Team]], Table1[ActualAwayScore]) -> 3 | AW3: =SUMIF(Table1[AwayTeam], Table2[[#This Row],[Team]], Table1[ActualHomeScore]) -> 4 | AX3: =Table2[[#This Row],[GF_A]]-Table2[[#This Row],[GA_A]] -> -1 | AY3: =SUMIF(Table1[HomeTeam], Table2[[#This Row],[Team]], Table1[ActualHomeScore]) -> 0 | AZ3: =SUMIF(Table1[HomeTeam], Table2[[#This Row],[Team]], Table1[ActualAwayScore]) -> 3 | BA3: =Table2[[#This Row],[GF_H]]-Table2[[#This Row],[GA_H]] -> -3 | BB3: =SUMIFS(Table1[ActualAwayScore], Table1[AwayTeam], Table2[[#This Row],[Team]], Table1[AwayWon],1)+SUMIFS(Table1[ActualHomeScore], Table1[HomeTeam], Table2[[#This Row],[Team]], Table1[HomeWon],1) -> 0 | BC3: =SUMIFS(Table1[ActualAwayScore], Table1[AwayTeam], Table2[[#This Row],[Team]], Table1[AwayWon],0) + SUMIFS(Table1[ActualHomeScore], Table1[HomeTeam], Table2[[#This Row],[Team]], Table1[HomeWon],0) -> 3 | BD3: =Table2[[#This Row],[GF_W]]-Table2[[#This Row],[GF_L]] -> -3 | BE3: =Table2[[#This Row],[GF_A]]+Table2[[#This Row],[GF_H]] -> 3 | BF3: =Table2[[#This Row],[GA_A]]+Table2[[#This Row],[GA_H]] -> 7 | BG3: =Table2[[#This Row],[GF]]-Table2[[#This Row],[GA]] -> -4 | BH3: =Table2[[#This Row],[GF]]/Table2[[#This Row],[GP]] -> 1.5 | BI3: =Table2[[#This Row],[GA]]/Table2[[#This Row],[GP]] -> 3.5 | BJ3: =Table2[[#This Row],[GFPG]]-Table2[[#This Row],[GAPG]] -> -2 | BK3: =_xlfn.CONCAT(TEXT(Table2[[#This Row],[W_A]], "0"), "-", TEXT(Table2[[#This Row],[RL_A]],"0"), "-", TEXT(Table2[[#This Row],[OTL_A]]+Table2[[#This Row],[SOL_A]], "0")) -> 0-0-1 | BL3: =_xlfn.CONCAT(TEXT(Table2[[#This Row],[W_H]], "0"), "-", TEXT(Table2[[#This Row],[RL_H]],"0"), "-", TEXT(Table2[[#This Row],[OTL_H]]+Table2[[#This Row],[SOL_H]], "0")) -> 0-1-0
A4: BUF | B4: E | C4: A | D4: =COUNTIFS(Table1[AwayTeam],Table2[[#This Row],[Team]],Table1[GameIsOver], 1, Table1[WatchedGame],1) + COUNTIFS(Table1[HomeTeam],Table2[[#This Row],[Team]],Table1[GameIsOver],1,Table1[WatchedGame],1) -> 0 | F4: =COUNTIFS(Table1[AwayTeam],Table2[[#This Row],[Team]], Table1[GameIsOver],1) -> 1 | G4: =COUNTIFS(Table1[HomeTeam],Table2[[#This Row],[Team]], Table1[GameIsOver],1) -> 0 | H4: =Table2[[#This Row],[GP_A]]+Table2[[#This Row],[GP_H]] -> 1 | I4: =84-Table2[[#This Row],[GP]] -> 83 | J4: =COUNTIFS(Table1[AwayTeam], Table2[[#This Row],[Team]], Table1[GameIsOver], 1, Table1[AwayWon],1) -> 0 | K4: =COUNTIFS(Table1[AwayTeam], Table2[[#This Row],[Team]], Table1[GameIsOver], 1, Table1[AwayWon],1, Table1[ActualResult], "REG") -> 0 | L4: =COUNTIFS(Table1[AwayTeam], Table2[[#This Row],[Team]], Table1[GameIsOver], 1, Table1[AwayWon],1, Table1[ActualResult], "OT") -> 0 | M4: =COUNTIFS(Table1[AwayTeam], Table2[[#This Row],[Team]], Table1[GameIsOver], 1, Table1[AwayWon],1, Table1[ActualResult], "SO") -> 0 | N4: =COUNTIFS(Table1[AwayTeam], Table2[[#This Row],[Team]], Table1[GameIsOver], 1, Table1[AwayWon],0) -> 1 | O4: =COUNTIFS(Table1[AwayTeam], Table2[[#This Row],[Team]], Table1[GameIsOver], 1, Table1[AwayWon],0, Table1[ActualResult], "REG") -> 0 | P4: =COUNTIFS(Table1[AwayTeam], Table2[[#This Row],[Team]], Table1[GameIsOver], 1, Table1[AwayWon],0, Table1[ActualResult], "OT") -> 0 | Q4: =COUNTIFS(Table1[AwayTeam], Table2[[#This Row],[Team]], Table1[GameIsOver], 1, Table1[AwayWon],0, Table1[ActualResult], "SO") -> 1 | R4: =COUNTIFS(Table1[HomeTeam], Table2[[#This Row],[Team]], Table1[GameIsOver], 1, Table1[HomeWon],1) -> 0 | S4: =COUNTIFS(Table1[HomeTeam], Table2[[#This Row],[Team]], Table1[GameIsOver], 1, Table1[HomeWon],1, Table1[ActualResult], "REG") -> 0 | T4: =COUNTIFS(Table1[HomeTeam], Table2[[#This Row],[Team]], Table1[GameIsOver], 1, Table1[HomeWon],1, Table1[ActualResult], "OT") -> 0 | U4: =COUNTIFS(Table1[HomeTeam], Table2[[#This Row],[Team]], Table1[GameIsOver], 1, Table1[HomeWon],1, Table1[ActualResult], "SO") -> 0 | V4: =COUNTIFS(Table1[HomeTeam], Table2[[#This Row],[Team]], Table1[GameIsOver], 1, Table1[HomeWon],0) -> 0 | W4: =COUNTIFS(Table1[HomeTeam], Table2[[#This Row],[Team]], Table1[GameIsOver], 1, Table1[HomeWon],0, Table1[ActualResult], "REG") -> 0 | X4: =COUNTIFS(Table1[HomeTeam], Table2[[#This Row],[Team]], Table1[GameIsOver], 1, Table1[HomeWon],0, Table1[ActualResult], "OT") -> 0 | Y4: =COUNTIFS(Table1[HomeTeam], Table2[[#This Row],[Team]], Table1[GameIsOver], 1, Table1[HomeWon],0, Table1[ActualResult], "SO") -> 0 | Z4: =Table2[[#This Row],[W]]/MAX(1,Table2[[#This Row],[W]]+Table2[[#This Row],[L]]) -> 0 | AA4: =Table2[[#This Row],[W_A]]+Table2[[#This Row],[W_H]] -> 0 | AB4: =Table2[[#This Row],[L_A]]+Table2[[#This Row],[L_H]] -> 1 | AC4: =Table2[RW_A]+Table2[RW_H] -> 0 | AD4: =Table2[RL_A]+Table2[RL_H] -> 0 | AE4: =Table2[OTW_A]+Table2[OTW_H] -> 0 | AF4: =Table2[OTL_A]+Table2[OTL_H] -> 0 | AG4: =Table2[SOW_A]+Table2[SOW_H] -> 0 | AH4: =Table2[SOL_A]+Table2[SOL_H] -> 1 | AI4: =_xlfn.CONCAT(TEXT(Table2[[#This Row],[OTW]]+Table2[[#This Row],[SOW]], "0"), "-", TEXT(Table2[[#This Row],[OTL]]+Table2[[#This Row],[SOL]],"0")) -> 0-1 | AJ4: =SUM(Table2[[#This Row],[OTW]],Table2[[#This Row],[OTL]],Table2[[#This Row],[SOW]],Table2[[#This Row],[SOL]]) -> 1 | AK4: =(Table2[[#This Row],[OTW]]+Table2[[#This Row],[SOW]])/IF(Table2[[#This Row],[Total_ExtraTimes]]=0,1,Table2[[#This Row],[Total_ExtraTimes]]) -> 0 | AL4: =Table2[[#This Row],[Total_ExtraTimes]]/MAX(1,Table2[[#This Row],[GP]]) -> 1 | AM4: =(2*(Table2[[#This Row],[W_A]]+Table2[[#This Row],[W_H]]))+Table2[[#This Row],[OTL_A]]+Table2[[#This Row],[SOL_A]]+Table2[[#This Row],[OTL_H]]+Table2[[#This Row],[SOL_H]] -> 1 | AN4: =(3*(Table2[[#This Row],[RW_A]]+Table2[[#This Row],[RW_H]]))+(2*(Table2[[#This Row],[OTW_A]]+Table2[[#This Row],[SOW_A]]+Table2[[#This Row],[OTW_H]]+Table2[[#This Row],[SOW_H]]))+Table2[[#This Row],[OTL_A]]+Table2[[#This Row],[SOL_A]]+Table2[[#This Row],[OTL_H]]+Table2[[#This Row],[SOL_H]] -> 1 | AO4: =Table2[[#This Row],[PTS]]/(2*Table2[[#This Row],[GP]]) -> 0.5 | AP4: =Table2[[#This Row],[PTS]]/(3*Table2[[#This Row],[GP]]) -> 0.33333333 | AQ4: =(2*Table2[[#This Row],[GR]])+Table2[[#This Row],[PTS]] -> 167 | AR4: =(3*Table2[[#This Row],[GR]])+Table2[[#This Row],[PTS]] -> 250 | AS4: =Table2[[#This Row],[PTS]]+(2 * Table2[[#This Row],[GR]] * Table2[[#This Row],[PTS%]]) -> 84 | AT4: =Table2[[#This Row],[PTS]]+(3 * Table2[[#This Row],[GR]] * Table2[[#This Row],[PTS%]]) -> 125.5 | AU4: =_xlfn.CONCAT(TEXT(Table2[[#This Row],[W]], "0"), "-", TEXT(Table2[[#This Row],[RL]],"0"), "-", TEXT(Table2[[#This Row],[OTL]]+Table2[[#This Row],[SOL]], "0")) -> 0-0-1 | AV4: =SUMIF(Table1[AwayTeam], Table2[[#This Row],[Team]], Table1[ActualAwayScore]) -> 2 | AW4: =SUMIF(Table1[AwayTeam], Table2[[#This Row],[Team]], Table1[ActualHomeScore]) -> 3 | AX4: =Table2[[#This Row],[GF_A]]-Table2[[#This Row],[GA_A]] -> -1 | AY4: =SUMIF(Table1[HomeTeam], Table2[[#This Row],[Team]], Table1[ActualHomeScore]) -> 0 | AZ4: =SUMIF(Table1[HomeTeam], Table2[[#This Row],[Team]], Table1[ActualAwayScore]) -> 0 | BA4: =Table2[[#This Row],[GF_H]]-Table2[[#This Row],[GA_H]] -> 0 | BB4: =SUMIFS(Table1[ActualAwayScore], Table1[AwayTeam], Table2[[#This Row],[Team]], Table1[AwayWon],1)+SUMIFS(Table1[ActualHomeScore], Table1[HomeTeam], Table2[[#This Row],[Team]], Table1[HomeWon],1) -> 0 | BC4: =SUMIFS(Table1[ActualAwayScore], Table1[AwayTeam], Table2[[#This Row],[Team]], Table1[AwayWon],0) + SUMIFS(Table1[ActualHomeScore], Table1[HomeTeam], Table2[[#This Row],[Team]], Table1[HomeWon],0) -> 2 | BD4: =Table2[[#This Row],[GF_W]]-Table2[[#This Row],[GF_L]] -> -2 | BE4: =Table2[[#This Row],[GF_A]]+Table2[[#This Row],[GF_H]] -> 2 | BF4: =Table2[[#This Row],[GA_A]]+Table2[[#This Row],[GA_H]] -> 3 | BG4: =Table2[[#This Row],[GF]]-Table2[[#This Row],[GA]] -> -1 | BH4: =Table2[[#This Row],[GF]]/Table2[[#This Row],[GP]] -> 2 | BI4: =Table2[[#This Row],[GA]]/Table2[[#This Row],[GP]] -> 3 | BJ4: =Table2[[#This Row],[GFPG]]-Table2[[#This Row],[GAPG]] -> -1 | BK4: =_xlfn.CONCAT(TEXT(Table2[[#This Row],[W_A]], "0"), "-", TEXT(Table2[[#This Row],[RL_A]],"0"), "-", TEXT(Table2[[#This Row],[OTL_A]]+Table2[[#This Row],[SOL_A]], "0")) -> 0-0-1 | BL4: =_xlfn.CONCAT(TEXT(Table2[[#This Row],[W_H]], "0"), "-", TEXT(Table2[[#This Row],[RL_H]],"0"), "-", TEXT(Table2[[#This Row],[OTL_H]]+Table2[[#This Row],[SOL_H]], "0")) -> 0-0-0
A5: CGY | B5: W | C5: P | D5: =COUNTIFS(Table1[AwayTeam],Table2[[#This Row],[Team]],Table1[GameIsOver], 1, Table1[WatchedGame],1) + COUNTIFS(Table1[HomeTeam],Table2[[#This Row],[Team]],Table1[GameIsOver],1,Table1[WatchedGame],1) -> 0 | F5: =COUNTIFS(Table1[AwayTeam],Table2[[#This Row],[Team]], Table1[GameIsOver],1) -> 0 | G5: =COUNTIFS(Table1[HomeTeam],Table2[[#This Row],[Team]], Table1[GameIsOver],1) -> 1 | H5: =Table2[[#This Row],[GP_A]]+Table2[[#This Row],[GP_H]] -> 1 | I5: =84-Table2[[#This Row],[GP]] -> 83 | J5: =COUNTIFS(Table1[AwayTeam], Table2[[#This Row],[Team]], Table1[GameIsOver], 1, Table1[AwayWon],1) -> 0 | K5: =COUNTIFS(Table1[AwayTeam], Table2[[#This Row],[Team]], Table1[GameIsOver], 1, Table1[AwayWon],1, Table1[ActualResult], "REG") -> 0 | L5: =COUNTIFS(Table1[AwayTeam], Table2[[#This Row],[Team]], Table1[GameIsOver], 1, Table1[AwayWon],1, Table1[ActualResult], "OT") -> 0 | M5: =COUNTIFS(Table1[AwayTeam], Table2[[#This Row],[Team]], Table1[GameIsOver], 1, Table1[AwayWon],1, Table1[ActualResult], "SO") -> 0 | N5: =COUNTIFS(Table1[AwayTeam], Table2[[#This Row],[Team]], Table1[GameIsOver], 1, Table1[AwayWon],0) -> 0 | O5: =COUNTIFS(Table1[AwayTeam], Table2[[#This Row],[Team]], Table1[GameIsOver], 1, Table1[AwayWon],0, Table1[ActualResult], "REG") -> 0 | P5: =COUNTIFS(Table1[AwayTeam], Table2[[#This Row],[Team]], Table1[GameIsOver], 1, Table1[AwayWon],0, Table1[ActualResult], "OT") -> 0 | Q5: =COUNTIFS(Table1[AwayTeam], Table2[[#This Row],[Team]], Table1[GameIsOver], 1, Table1[AwayWon],0, Table1[ActualResult], "SO") -> 0 | R5: =COUNTIFS(Table1[HomeTeam], Table2[[#This Row],[Team]], Table1[GameIsOver], 1, Table1[HomeWon],1) -> 0 | S5: =COUNTIFS(Table1[HomeTeam], Table2[[#This Row],[Team]], Table1[GameIsOver], 1, Table1[HomeWon],1, Table1[ActualResult], "REG") -> 0 | T5: =COUNTIFS(Table1[HomeTeam], Table2[[#This Row],[Team]], Table1[GameIsOver], 1, Table1[HomeWon],1, Table1[ActualResult], "OT") -> 0 | U5: =COUNTIFS(Table1[HomeTeam], Table2[[#This Row],[Team]], Table1[GameIsOver], 1, Table1[HomeWon],1, Table1[ActualResult], "SO") -> 0 | V5: =COUNTIFS(Table1[HomeTeam], Table2[[#This Row],[Team]], Table1[GameIsOver], 1, Table1[HomeWon],0) -> 1 | W5: =COUNTIFS(Table1[HomeTeam], Table2[[#This Row],[Team]], Table1[GameIsOver], 1, Table1[HomeWon],0, Table1[ActualResult], "REG") -> 1 | X5: =COUNTIFS(Table1[HomeTeam], Table2[[#This Row],[Team]], Table1[GameIsOver], 1, Table1[HomeWon],0, Table1[ActualResult], "OT") -> 0 | Y5: =COUNTIFS(Table1[HomeTeam], Table2[[#This Row],[Team]], Table1[GameIsOver], 1, Table1[HomeWon],0, Table1[ActualResult], "SO") -> 0 | Z5: =Table2[[#This Row],[W]]/MAX(1,Table2[[#This Row],[W]]+Table2[[#This Row],[L]]) -> 0 | AA5: =Table2[[#This Row],[W_A]]+Table2[[#This Row],[W_H]] -> 0 | AB5: =Table2[[#This Row],[L_A]]+Table2[[#This Row],[L_H]] -> 1 | AC5: =Table2[RW_A]+Table2[RW_H] -> 0 | AD5: =Table2[RL_A]+Table2[RL_H] -> 1 | AE5: =Table2[OTW_A]+Table2[OTW_H] -> 0 | AF5: =Table2[OTL_A]+Table2[OTL_H] -> 0 | AG5: =Table2[SOW_A]+Table2[SOW_H] -> 0 | AH5: =Table2[SOL_A]+Table2[SOL_H] -> 0 | AI5: =_xlfn.CONCAT(TEXT(Table2[[#This Row],[OTW]]+Table2[[#This Row],[SOW]], "0"), "-", TEXT(Table2[[#This Row],[OTL]]+Table2[[#This Row],[SOL]],"0")) -> 0-0 | AJ5: =SUM(Table2[[#This Row],[OTW]],Table2[[#This Row],[OTL]],Table2[[#This Row],[SOW]],Table2[[#This Row],[SOL]]) -> 0 | AK5: =(Table2[[#This Row],[OTW]]+Table2[[#This Row],[SOW]])/IF(Table2[[#This Row],[Total_ExtraTimes]]=0,1,Table2[[#This Row],[Total_ExtraTimes]]) -> 0 | AL5: =Table2[[#This Row],[Total_ExtraTimes]]/MAX(1,Table2[[#This Row],[GP]]) -> 0 | AM5: =(2*(Table2[[#This Row],[W_A]]+Table2[[#This Row],[W_H]]))+Table2[[#This Row],[OTL_A]]+Table2[[#This Row],[SOL_A]]+Table2[[#This Row],[OTL_H]]+Table2[[#This Row],[SOL_H]] -> 0 | AN5: =(3*(Table2[[#This Row],[RW_A]]+Table2[[#This Row],[RW_H]]))+(2*(Table2[[#This Row],[OTW_A]]+Table2[[#This Row],[SOW_A]]+Table2[[#This Row],[OTW_H]]+Table2[[#This Row],[SOW_H]]))+Table2[[#This Row],[OTL_A]]+Table2[[#This Row],[SOL_A]]+Table2[[#This Row],[OTL_H]]+Table2[[#This Row],[SOL_H]] -> 0 | AO5: =Table2[[#This Row],[PTS]]/(2*Table2[[#This Row],[GP]]) -> 0 | AP5: =Table2[[#This Row],[PTS]]/(3*Table2[[#This Row],[GP]]) -> 0 | AQ5: =(2*Table2[[#This Row],[GR]])+Table2[[#This Row],[PTS]] -> 166 | AR5: =(3*Table2[[#This Row],[GR]])+Table2[[#This Row],[PTS]] -> 249 | AS5: =Table2[[#This Row],[PTS]]+(2 * Table2[[#This Row],[GR]] * Table2[[#This Row],[PTS%]]) -> 0 | AT5: =Table2[[#This Row],[PTS]]+(3 * Table2[[#This Row],[GR]] * Table2[[#This Row],[PTS%]]) -> 0 | AU5: =_xlfn.CONCAT(TEXT(Table2[[#This Row],[W]], "0"), "-", TEXT(Table2[[#This Row],[RL]],"0"), "-", TEXT(Table2[[#This Row],[OTL]]+Table2[[#This Row],[SOL]], "0")) -> 0-1-0 | AV5: =SUMIF(Table1[AwayTeam], Table2[[#This Row],[Team]], Table1[ActualAwayScore]) -> 0 | AW5: =SUMIF(Table1[AwayTeam], Table2[[#This Row],[Team]], Table1[ActualHomeScore]) -> 0 | AX5: =Table2[[#This Row],[GF_A]]-Table2[[#This Row],[GA_A]] -> 0 | AY5: =SUMIF(Table1[HomeTeam], Table2[[#This Row],[Team]], Table1[ActualHomeScore]) -> 3 | AZ5: =SUMIF(Table1[HomeTeam], Table2[[#This Row],[Team]], Table1[ActualAwayScore]) -> 4 | BA5: =Table2[[#This Row],[GF_H]]-Table2[[#This Row],[GA_H]] -> -1 | BB5: =SUMIFS(Table1[ActualAwayScore], Table1[AwayTeam], Table2[[#This Row],[Team]], Table1[AwayWon],1)+SUMIFS(Table1[ActualHomeScore], Table1[HomeTeam], Table2[[#This Row],[Team]], Table1[HomeWon],1) -> 0 | BC5: =SUMIFS(Table1[ActualAwayScore], Table1[AwayTeam], Table2[[#This Row],[Team]], Table1[AwayWon],0) + SUMIFS(Table1[ActualHomeScore], Table1[HomeTeam], Table2[[#This Row],[Team]], Table1[HomeWon],0) -> 3 | BD5: =Table2[[#This Row],[GF_W]]-Table2[[#This Row],[GF_L]] -> -3 | BE5: =Table2[[#This Row],[GF_A]]+Table2[[#This Row],[GF_H]] -> 3 | BF5: =Table2[[#This Row],[GA_A]]+Table2[[#This Row],[GA_H]] -> 4 | BG5: =Table2[[#This Row],[GF]]-Table2[[#This Row],[GA]] -> -1 | BH5: =Table2[[#This Row],[GF]]/Table2[[#This Row],[GP]] -> 3 | BI5: =Table2[[#This Row],[GA]]/Table2[[#This Row],[GP]] -> 4 | BJ5: =Table2[[#This Row],[GFPG]]-Table2[[#This Row],[GAPG]] -> -1 | BK5: =_xlfn.CONCAT(TEXT(Table2[[#This Row],[W_A]], "0"), "-", TEXT(Table2[[#This Row],[RL_A]],"0"), "-", TEXT(Table2[[#This Row],[OTL_A]]+Table2[[#This Row],[SOL_A]], "0")) -> 0-0-0 | BL5: =_xlfn.CONCAT(TEXT(Table2[[#This Row],[W_H]], "0"), "-", TEXT(Table2[[#This Row],[RL_H]],"0"), "-", TEXT(Table2[[#This Row],[OTL_H]]+Table2[[#This Row],[SOL_H]], "0")) -> 0-1-0
A6: CAR | B6: E | C6: M | D6: =COUNTIFS(Table1[AwayTeam],Table2[[#This Row],[Team]],Table1[GameIsOver], 1, Table1[WatchedGame],1) + COUNTIFS(Table1[HomeTeam],Table2[[#This Row],[Team]],Table1[GameIsOver],1,Table1[WatchedGame],1) -> 1 | F6: =COUNTIFS(Table1[AwayTeam],Table2[[#This Row],[Team]], Table1[GameIsOver],1) -> 0 | G6: =COUNTIFS(Table1[HomeTeam],Table2[[#This Row],[Team]], Table1[GameIsOver],1) -> 2 | H6: =Table2[[#This Row],[GP_A]]+Table2[[#This Row],[GP_H]] -> 2 | I6: =84-Table2[[#This Row],[GP]] -> 82 | J6: =COUNTIFS(Table1[AwayTeam], Table2[[#This Row],[Team]], Table1[GameIsOver], 1, Table1[AwayWon],1) -> 0 | K6: =COUNTIFS(Table1[AwayTeam], Table2[[#This Row],[Team]], Table1[GameIsOver], 1, Table1[AwayWon],1, Table1[ActualResult], "REG") -> 0 | L6: =COUNTIFS(Table1[AwayTeam], Table2[[#This Row],[Team]], Table1[GameIsOver], 1, Table1[AwayWon],1, Table1[ActualResult], "OT") -> 0 | M6: =COUNTIFS(Table1[AwayTeam], Table2[[#This Row],[Team]], Table1[GameIsOver], 1, Table1[AwayWon],1, Table1[ActualResult], "SO") -> 0 | N6: =COUNTIFS(Table1[AwayTeam], Table2[[#This Row],[Team]], Table1[GameIsOver], 1, Table1[AwayWon],0) -> 0 | O6: =COUNTIFS(Table1[AwayTeam], Table2[[#This Row],[Team]], Table1[GameIsOver], 1, Table1[AwayWon],0, Table1[ActualResult], "REG") -> 0 | P6: =COUNTIFS(Table1[AwayTeam], Table2[[#This Row],[Team]], Table1[GameIsOver], 1, Table1[AwayWon],0, Table1[ActualResult], "OT") -> 0 | Q6: =COUNTIFS(Table1[AwayTeam], Table2[[#This Row],[Team]], Table1[GameIsOver], 1, Table1[AwayWon],0, Table1[ActualResult], "SO") -> 0 | R6: =COUNTIFS(Table1[HomeTeam], Table2[[#This Row],[Team]], Table1[GameIsOver], 1, Table1[HomeWon],1) -> 1 | S6: =COUNTIFS(Table1[HomeTeam], Table2[[#This Row],[Team]], Table1[GameIsOver], 1, Table1[HomeWon],1, Table1[ActualResult], "REG") -> 1 | T6: =COUNTIFS(Table1[HomeTeam], Table2[[#This Row],[Team]], Table1[GameIsOver], 1, Table1[HomeWon],1, Table1[ActualResult], "OT") -> 0 | U6: =COUNTIFS(Table1[HomeTeam], Table2[[#This Row],[Team]], Table1[GameIsOver], 1, Table1[HomeWon],1, Table1[ActualResult], "SO") -> 0 | V6: =COUNTIFS(Table1[HomeTeam], Table2[[#This Row],[Team]], Table1[GameIsOver], 1, Table1[HomeWon],0) -> 1 | W6: =COUNTIFS(Table1[HomeTeam], Table2[[#This Row],[Team]], Table1[GameIsOver], 1, Table1[HomeWon],0, Table1[ActualResult], "REG") -> 1 | X6: =COUNTIFS(Table1[HomeTeam], Table2[[#This Row],[Team]], Table1[GameIsOver], 1, Table1[HomeWon],0, Table1[ActualResult], "OT") -> 0 | Y6: =COUNTIFS(Table1[HomeTeam], Table2[[#This Row],[Team]], Table1[GameIsOver], 1, Table1[HomeWon],0, Table1[ActualResult], "SO") -> 0 | Z6: =Table2[[#This Row],[W]]/MAX(1,Table2[[#This Row],[W]]+Table2[[#This Row],[L]]) -> 0.5 | AA6: =Table2[[#This Row],[W_A]]+Table2[[#This Row],[W_H]] -> 1 | AB6: =Table2[[#This Row],[L_A]]+Table2[[#This Row],[L_H]] -> 1 | AC6: =Table2[RW_A]+Table2[RW_H] -> 1 | AD6: =Table2[RL_A]+Table2[RL_H] -> 1 | AE6: =Table2[OTW_A]+Table2[OTW_H] -> 0 | AF6: =Table2[OTL_A]+Table2[OTL_H] -> 0 | AG6: =Table2[SOW_A]+Table2[SOW_H] -> 0 | AH6: =Table2[SOL_A]+Table2[SOL_H] -> 0 | AI6: =_xlfn.CONCAT(TEXT(Table2[[#This Row],[OTW]]+Table2[[#This Row],[SOW]], "0"), "-", TEXT(Table2[[#This Row],[OTL]]+Table2[[#This Row],[SOL]],"0")) -> 0-0 | AJ6: =SUM(Table2[[#This Row],[OTW]],Table2[[#This Row],[OTL]],Table2[[#This Row],[SOW]],Table2[[#This Row],[SOL]]) -> 0 | AK6: =(Table2[[#This Row],[OTW]]+Table2[[#This Row],[SOW]])/IF(Table2[[#This Row],[Total_ExtraTimes]]=0,1,Table2[[#This Row],[Total_ExtraTimes]]) -> 0 | AL6: =Table2[[#This Row],[Total_ExtraTimes]]/MAX(1,Table2[[#This Row],[GP]]) -> 0 | AM6: =(2*(Table2[[#This Row],[W_A]]+Table2[[#This Row],[W_H]]))+Table2[[#This Row],[OTL_A]]+Table2[[#This Row],[SOL_A]]+Table2[[#This Row],[OTL_H]]+Table2[[#This Row],[SOL_H]] -> 2 | AN6: =(3*(Table2[[#This Row],[RW_A]]+Table2[[#This Row],[RW_H]]))+(2*(Table2[[#This Row],[OTW_A]]+Table2[[#This Row],[SOW_A]]+Table2[[#This Row],[OTW_H]]+Table2[[#This Row],[SOW_H]]))+Table2[[#This Row],[OTL_A]]+Table2[[#This Row],[SOL_A]]+Table2[[#This Row],[OTL_H]]+Table2[[#This Row],[SOL_H]] -> 3 | AO6: =Table2[[#This Row],[PTS]]/(2*Table2[[#This Row],[GP]]) -> 0.5 | AP6: =Table2[[#This Row],[PTS]]/(3*Table2[[#This Row],[GP]]) -> 0.33333333 | AQ6: =(2*Table2[[#This Row],[GR]])+Table2[[#This Row],[PTS]] -> 166 | AR6: =(3*Table2[[#This Row],[GR]])+Table2[[#This Row],[PTS]] -> 248 | AS6: =Table2[[#This Row],[PTS]]+(2 * Table2[[#This Row],[GR]] * Table2[[#This Row],[PTS%]]) -> 84 | AT6: =Table2[[#This Row],[PTS]]+(3 * Table2[[#This Row],[GR]] * Table2[[#This Row],[PTS%]]) -> 125 | AU6: =_xlfn.CONCAT(TEXT(Table2[[#This Row],[W]], "0"), "-", TEXT(Table2[[#This Row],[RL]],"0"), "-", TEXT(Table2[[#This Row],[OTL]]+Table2[[#This Row],[SOL]], "0")) -> 1-1-0 | AV6: =SUMIF(Table1[AwayTeam], Table2[[#This Row],[Team]], Table1[ActualAwayScore]) -> 0 | AW6: =SUMIF(Table1[AwayTeam], Table2[[#This Row],[Team]], Table1[ActualHomeScore]) -> 0 | AX6: =Table2[[#This Row],[GF_A]]-Table2[[#This Row],[GA_A]] -> 0 | AY6: =SUMIF(Table1[HomeTeam], Table2[[#This Row],[Team]], Table1[ActualHomeScore]) -> 7 | AZ6: =SUMIF(Table1[HomeTeam], Table2[[#This Row],[Team]], Table1[ActualAwayScore]) -> 9 | BA6: =Table2[[#This Row],[GF_H]]-Table2[[#This Row],[GA_H]] -> -2 | BB6: =SUMIFS(Table1[ActualAwayScore], Table1[AwayTeam], Table2[[#This Row],[Team]], Table1[AwayWon],1)+SUMIFS(Table1[ActualHomeScore], Table1[HomeTeam], Table2[[#This Row],[Team]], Table1[HomeWon],1) -> 4 | BC6: =SUMIFS(Table1[ActualAwayScore], Table1[AwayTeam], Table2[[#This Row],[Team]], Table1[AwayWon],0) + SUMIFS(Table1[ActualHomeScore], Table1[HomeTeam], Table2[[#This Row],[Team]], Table1[HomeWon],0) -> 3 | BD6: =Table2[[#This Row],[GF_W]]-Table2[[#This Row],[GF_L]] -> 1 | BE6: =Table2[[#This Row],[GF_A]]+Table2[[#This Row],[GF_H]] -> 7 | BF6: =Table2[[#This Row],[GA_A]]+Table2[[#This Row],[GA_H]] -> 9 | BG6: =Table2[[#This Row],[GF]]-Table2[[#This Row],[GA]] -> -2 | BH6: =Table2[[#This Row],[GF]]/Table2[[#This Row],[GP]] -> 3.5 | BI6: =Table2[[#This Row],[GA]]/Table2[[#This Row],[GP]] -> 4.5 | BJ6: =Table2[[#This Row],[GFPG]]-Table2[[#This Row],[GAPG]] -> -1 | BK6: =_xlfn.CONCAT(TEXT(Table2[[#This Row],[W_A]], "0"), "-", TEXT(Table2[[#This Row],[RL_A]],"0"), "-", TEXT(Table2[[#This Row],[OTL_A]]+Table2[[#This Row],[SOL_A]], "0")) -> 0-0-0 | BL6: =_xlfn.CONCAT(TEXT(Table2[[#This Row],[W_H]], "0"), "-", TEXT(Table2[[#This Row],[RL_H]],"0"), "-", TEXT(Table2[[#This Row],[OTL_H]]+Table2[[#This Row],[SOL_H]], "0")) -> 1-1-0
A7: CHI | B7: W | C7: C | D7: =COUNTIFS(Table1[AwayTeam],Table2[[#This Row],[Team]],Table1[GameIsOver], 1, Table1[WatchedGame],1) + COUNTIFS(Table1[HomeTeam],Table2[[#This Row],[Team]],Table1[GameIsOver],1,Table1[WatchedGame],1) -> 0 | F7: =COUNTIFS(Table1[AwayTeam],Table2[[#This Row],[Team]], Table1[GameIsOver],1) -> 2 | G7: =COUNTIFS(Table1[HomeTeam],Table2[[#This Row],[Team]], Table1[GameIsOver],1) -> 0 | H7: =Table2[[#This Row],[GP_A]]+Table2[[#This Row],[GP_H]] -> 2 | I7: =84-Table2[[#This Row],[GP]] -> 82 | J7: =COUNTIFS(Table1[AwayTeam], Table2[[#This Row],[Team]], Table1[GameIsOver], 1, Table1[AwayWon],1) -> 1 | K7: =COUNTIFS(Table1[AwayTeam], Table2[[#This Row],[Team]], Table1[GameIsOver], 1, Table1[AwayWon],1, Table1[ActualResult], "REG") -> 0 | L7: =COUNTIFS(Table1[AwayTeam], Table2[[#This Row],[Team]], Table1[GameIsOver], 1, Table1[AwayWon],1, Table1[ActualResult], "OT") -> 0 | M7: =COUNTIFS(Table1[AwayTeam], Table2[[#This Row],[Team]], Table1[GameIsOver], 1, Table1[AwayWon],1, Table1[ActualResult], "SO") -> 1 | N7: =COUNTIFS(Table1[AwayTeam], Table2[[#This Row],[Team]], Table1[GameIsOver], 1, Table1[AwayWon],0) -> 1 | O7: =COUNTIFS(Table1[AwayTeam], Table2[[#This Row],[Team]], Table1[GameIsOver], 1, Table1[AwayWon],0, Table1[ActualResult], "REG") -> 0 | P7: =COUNTIFS(Table1[AwayTeam], Table2[[#This Row],[Team]], Table1[GameIsOver], 1, Table1[AwayWon],0, Table1[ActualResult], "OT") -> 0 | Q7: =COUNTIFS(Table1[AwayTeam], Table2[[#This Row],[Team]], Table1[GameIsOver], 1, Table1[AwayWon],0, Table1[ActualResult], "SO") -> 1 | R7: =COUNTIFS(Table1[HomeTeam], Table2[[#This Row],[Team]], Table1[GameIsOver], 1, Table1[HomeWon],1) -> 0 | S7: =COUNTIFS(Table1[HomeTeam], Table2[[#This Row],[Team]], Table1[GameIsOver], 1, Table1[HomeWon],1, Table1[ActualResult], "REG") -> 0 | T7: =COUNTIFS(Table1[HomeTeam], Table2[[#This Row],[Team]], Table1[GameIsOver], 1, Table1[HomeWon],1, Table1[ActualResult], "OT") -> 0 | U7: =COUNTIFS(Table1[HomeTeam], Table2[[#This Row],[Team]], Table1[GameIsOver], 1, Table1[HomeWon],1, Table1[ActualResult], "SO") -> 0 | V7: =COUNTIFS(Table1[HomeTeam], Table2[[#This Row],[Team]], Table1[GameIsOver], 1, Table1[HomeWon],0) -> 0 | W7: =COUNTIFS(Table1[HomeTeam], Table2[[#This Row],[Team]], Table1[GameIsOver], 1, Table1[HomeWon],0, Table1[ActualResult], "REG") -> 0 | X7: =COUNTIFS(Table1[HomeTeam], Table2[[#This Row],[Team]], Table1[GameIsOver], 1, Table1[HomeWon],0, Table1[ActualResult], "OT") -> 0 | Y7: =COUNTIFS(Table1[HomeTeam], Table2[[#This Row],[Team]], Table1[GameIsOver], 1, Table1[HomeWon],0, Table1[ActualResult], "SO") -> 0 | Z7: =Table2[[#This Row],[W]]/MAX(1,Table2[[#This Row],[W]]+Table2[[#This Row],[L]]) -> 0.5 | AA7: =Table2[[#This Row],[W_A]]+Table2[[#This Row],[W_H]] -> 1 | AB7: =Table2[[#This Row],[L_A]]+Table2[[#This Row],[L_H]] -> 1 | AC7: =Table2[RW_A]+Table2[RW_H] -> 0 | AD7: =Table2[RL_A]+Table2[RL_H] -> 0 | AE7: =Table2[OTW_A]+Table2[OTW_H] -> 0 | AF7: =Table2[OTL_A]+Table2[OTL_H] -> 0 | AG7: =Table2[SOW_A]+Table2[SOW_H] -> 1 | AH7: =Table2[SOL_A]+Table2[SOL_H] -> 1 | AI7: =_xlfn.CONCAT(TEXT(Table2[[#This Row],[OTW]]+Table2[[#This Row],[SOW]], "0"), "-", TEXT(Table2[[#This Row],[OTL]]+Table2[[#This Row],[SOL]],"0")) -> 1-1 | AJ7: =SUM(Table2[[#This Row],[OTW]],Table2[[#This Row],[OTL]],Table2[[#This Row],[SOW]],Table2[[#This Row],[SOL]]) -> 2 | AK7: =(Table2[[#This Row],[OTW]]+Table2[[#This Row],[SOW]])/IF(Table2[[#This Row],[Total_ExtraTimes]]=0,1,Table2[[#This Row],[Total_ExtraTimes]]) -> 0.5 | AL7: =Table2[[#This Row],[Total_ExtraTimes]]/MAX(1,Table2[[#This Row],[GP]]) -> 1 | AM7: =(2*(Table2[[#This Row],[W_A]]+Table2[[#This Row],[W_H]]))+Table2[[#This Row],[OTL_A]]+Table2[[#This Row],[SOL_A]]+Table2[[#This Row],[OTL_H]]+Table2[[#This Row],[SOL_H]] -> 3 | AN7: =(3*(Table2[[#This Row],[RW_A]]+Table2[[#This Row],[RW_H]]))+(2*(Table2[[#This Row],[OTW_A]]+Table2[[#This Row],[SOW_A]]+Table2[[#This Row],[OTW_H]]+Table2[[#This Row],[SOW_H]]))+Table2[[#This Row],[OTL_A]]+Table2[[#This Row],[SOL_A]]+Table2[[#This Row],[OTL_H]]+Table2[[#This Row],[SOL_H]] -> 3 | AO7: =Table2[[#This Row],[PTS]]/(2*Table2[[#This Row],[GP]]) -> 0.75 | AP7: =Table2[[#This Row],[PTS]]/(3*Table2[[#This Row],[GP]]) -> 0.5 | AQ7: =(2*Table2[[#This Row],[GR]])+Table2[[#This Row],[PTS]] -> 167 | AR7: =(3*Table2[[#This Row],[GR]])+Table2[[#This Row],[PTS]] -> 249 | AS7: =Table2[[#This Row],[PTS]]+(2 * Table2[[#This Row],[GR]] * Table2[[#This Row],[PTS%]]) -> 126 | AT7: =Table2[[#This Row],[PTS]]+(3 * Table2[[#This Row],[GR]] * Table2[[#This Row],[PTS%]]) -> 187.5 | AU7: =_xlfn.CONCAT(TEXT(Table2[[#This Row],[W]], "0"), "-", TEXT(Table2[[#This Row],[RL]],"0"), "-", TEXT(Table2[[#This Row],[OTL]]+Table2[[#This Row],[SOL]], "0")) -> 1-0-1 | AV7: =SUMIF(Table1[AwayTeam], Table2[[#This Row],[Team]], Table1[ActualAwayScore]) -> 6 | AW7: =SUMIF(Table1[AwayTeam], Table2[[#This Row],[Team]], Table1[ActualHomeScore]) -> 6 | AX7: =Table2[[#This Row],[GF_A]]-Table2[[#This Row],[GA_A]] -> 0 | AY7: =SUMIF(Table1[HomeTeam], Table2[[#This Row],[Team]], Table1[ActualHomeScore]) -> 0 | AZ7: =SUMIF(Table1[HomeTeam], Table2[[#This Row],[Team]], Table1[ActualAwayScore]) -> 0 | BA7: =Table2[[#This Row],[GF_H]]-Table2[[#This Row],[GA_H]] -> 0 | BB7: =SUMIFS(Table1[ActualAwayScore], Table1[AwayTeam], Table2[[#This Row],[Team]], Table1[AwayWon],1)+SUMIFS(Table1[ActualHomeScore], Table1[HomeTeam], Table2[[#This Row],[Team]], Table1[HomeWon],1) -> 4 | BC7: =SUMIFS(Table1[ActualAwayScore], Table1[AwayTeam], Table2[[#This Row],[Team]], Table1[AwayWon],0) + SUMIFS(Table1[ActualHomeScore], Table1[HomeTeam], Table2[[#This Row],[Team]], Table1[HomeWon],0) -> 2 | BD7: =Table2[[#This Row],[GF_W]]-Table2[[#This Row],[GF_L]] -> 2 | BE7: =Table2[[#This Row],[GF_A]]+Table2[[#This Row],[GF_H]] -> 6 | BF7: =Table2[[#This Row],[GA_A]]+Table2[[#This Row],[GA_H]] -> 6 | BG7: =Table2[[#This Row],[GF]]-Table2[[#This Row],[GA]] -> 0 | BH7: =Table2[[#This Row],[GF]]/Table2[[#This Row],[GP]] -> 3 | BI7: =Table2[[#This Row],[GA]]/Table2[[#This Row],[GP]] -> 3 | BJ7: =Table2[[#This Row],[GFPG]]-Table2[[#This Row],[GAPG]] -> 0 | BK7: =_xlfn.CONCAT(TEXT(Table2[[#This Row],[W_A]], "0"), "-", TEXT(Table2[[#This Row],[RL_A]],"0"), "-", TEXT(Table2[[#This Row],[OTL_A]]+Table2[[#This Row],[SOL_A]], "0")) -> 1-0-1 | BL7: =_xlfn.CONCAT(TEXT(Table2[[#This Row],[W_H]], "0"), "-", TEXT(Table2[[#This Row],[RL_H]],"0"), "-", TEXT(Table2[[#This Row],[OTL_H]]+Table2[[#This Row],[SOL_H]], "0")) -> 0-0-0
A8: COL | B8: W | C8: C | D8: =COUNTIFS(Table1[AwayTeam],Table2[[#This Row],[Team]],Table1[GameIsOver], 1, Table1[WatchedGame],1) + COUNTIFS(Table1[HomeTeam],Table2[[#This Row],[Team]],Table1[GameIsOver],1,Table1[WatchedGame],1) -> 0 | F8: =COUNTIFS(Table1[AwayTeam],Table2[[#This Row],[Team]], Table1[GameIsOver],1) -> 0 | G8: =COUNTIFS(Table1[HomeTeam],Table2[[#This Row],[Team]], Table1[GameIsOver],1) -> 1 | H8: =Table2[[#This Row],[GP_A]]+Table2[[#This Row],[GP_H]] -> 1 | I8: =84-Table2[[#This Row],[GP]] -> 83 | J8: =COUNTIFS(Table1[AwayTeam], Table2[[#This Row],[Team]], Table1[GameIsOver], 1, Table1[AwayWon],1) -> 0 | K8: =COUNTIFS(Table1[AwayTeam], Table2[[#This Row],[Team]], Table1[GameIsOver], 1, Table1[AwayWon],1, Table1[ActualResult], "REG") -> 0 | L8: =COUNTIFS(Table1[AwayTeam], Table2[[#This Row],[Team]], Table1[GameIsOver], 1, Table1[AwayWon],1, Table1[ActualResult], "OT") -> 0 | M8: =COUNTIFS(Table1[AwayTeam], Table2[[#This Row],[Team]], Table1[GameIsOver], 1, Table1[AwayWon],1, Table1[ActualResult], "SO") -> 0 | N8: =COUNTIFS(Table1[AwayTeam], Table2[[#This Row],[Team]], Table1[GameIsOver], 1, Table1[AwayWon],0) -> 0 | O8: =COUNTIFS(Table1[AwayTeam], Table2[[#This Row],[Team]], Table1[GameIsOver], 1, Table1[AwayWon],0, Table1[ActualResult], "REG") -> 0 | P8: =COUNTIFS(Table1[AwayTeam], Table2[[#This Row],[Team]], Table1[GameIsOver], 1, Table1[AwayWon],0, Table1[ActualResult], "OT") -> 0 | Q8: =COUNTIFS(Table1[AwayTeam], Table2[[#This Row],[Team]], Table1[GameIsOver], 1, Table1[AwayWon],0, Table1[ActualResult], "SO") -> 0 | R8: =COUNTIFS(Table1[HomeTeam], Table2[[#This Row],[Team]], Table1[GameIsOver], 1, Table1[HomeWon],1) -> 0 | S8: =COUNTIFS(Table1[HomeTeam], Table2[[#This Row],[Team]], Table1[GameIsOver], 1, Table1[HomeWon],1, Table1[ActualResult], "REG") -> 0 | T8: =COUNTIFS(Table1[HomeTeam], Table2[[#This Row],[Team]], Table1[GameIsOver], 1, Table1[HomeWon],1, Table1[ActualResult], "OT") -> 0 | U8: =COUNTIFS(Table1[HomeTeam], Table2[[#This Row],[Team]], Table1[GameIsOver], 1, Table1[HomeWon],1, Table1[ActualResult], "SO") -> 0 | V8: =COUNTIFS(Table1[HomeTeam], Table2[[#This Row],[Team]], Table1[GameIsOver], 1, Table1[HomeWon],0) -> 1 | W8: =COUNTIFS(Table1[HomeTeam], Table2[[#This Row],[Team]], Table1[GameIsOver], 1, Table1[HomeWon],0, Table1[ActualResult], "REG") -> 0 | X8: =COUNTIFS(Table1[HomeTeam], Table2[[#This Row],[Team]], Table1[GameIsOver], 1, Table1[HomeWon],0, Table1[ActualResult], "OT") -> 1 | Y8: =COUNTIFS(Table1[HomeTeam], Table2[[#This Row],[Team]], Table1[GameIsOver], 1, Table1[HomeWon],0, Table1[ActualResult], "SO") -> 0 | Z8: =Table2[[#This Row],[W]]/MAX(1,Table2[[#This Row],[W]]+Table2[[#This Row],[L]]) -> 0 | AA8: =Table2[[#This Row],[W_A]]+Table2[[#This Row],[W_H]] -> 0 | AB8: =Table2[[#This Row],[L_A]]+Table2[[#This Row],[L_H]] -> 1 | AC8: =Table2[RW_A]+Table2[RW_H] -> 0 | AD8: =Table2[RL_A]+Table2[RL_H] -> 0 | AE8: =Table2[OTW_A]+Table2[OTW_H] -> 0 | AF8: =Table2[OTL_A]+Table2[OTL_H] -> 1 | AG8: =Table2[SOW_A]+Table2[SOW_H] -> 0 | AH8: =Table2[SOL_A]+Table2[SOL_H] -> 0 | AI8: =_xlfn.CONCAT(TEXT(Table2[[#This Row],[OTW]]+Table2[[#This Row],[SOW]], "0"), "-", TEXT(Table2[[#This Row],[OTL]]+Table2[[#This Row],[SOL]],"0")) -> 0-1 | AJ8: =SUM(Table2[[#This Row],[OTW]],Table2[[#This Row],[OTL]],Table2[[#This Row],[SOW]],Table2[[#This Row],[SOL]]) -> 1 | AK8: =(Table2[[#This Row],[OTW]]+Table2[[#This Row],[SOW]])/IF(Table2[[#This Row],[Total_ExtraTimes]]=0,1,Table2[[#This Row],[Total_ExtraTimes]]) -> 0 | AL8: =Table2[[#This Row],[Total_ExtraTimes]]/MAX(1,Table2[[#This Row],[GP]]) -> 1 | AM8: =(2*(Table2[[#This Row],[W_A]]+Table2[[#This Row],[W_H]]))+Table2[[#This Row],[OTL_A]]+Table2[[#This Row],[SOL_A]]+Table2[[#This Row],[OTL_H]]+Table2[[#This Row],[SOL_H]] -> 1 | AN8: =(3*(Table2[[#This Row],[RW_A]]+Table2[[#This Row],[RW_H]]))+(2*(Table2[[#This Row],[OTW_A]]+Table2[[#This Row],[SOW_A]]+Table2[[#This Row],[OTW_H]]+Table2[[#This Row],[SOW_H]]))+Table2[[#This Row],[OTL_A]]+Table2[[#This Row],[SOL_A]]+Table2[[#This Row],[OTL_H]]+Table2[[#This Row],[SOL_H]] -> 1 | AO8: =Table2[[#This Row],[PTS]]/(2*Table2[[#This Row],[GP]]) -> 0.5 | AP8: =Table2[[#This Row],[PTS]]/(3*Table2[[#This Row],[GP]]) -> 0.33333333 | AQ8: =(2*Table2[[#This Row],[GR]])+Table2[[#This Row],[PTS]] -> 167 | AR8: =(3*Table2[[#This Row],[GR]])+Table2[[#This Row],[PTS]] -> 250 | AS8: =Table2[[#This Row],[PTS]]+(2 * Table2[[#This Row],[GR]] * Table2[[#This Row],[PTS%]]) -> 84 | AT8: =Table2[[#This Row],[PTS]]+(3 * Table2[[#This Row],[GR]] * Table2[[#This Row],[PTS%]]) -> 125.5 | AU8: =_xlfn.CONCAT(TEXT(Table2[[#This Row],[W]], "0"), "-", TEXT(Table2[[#This Row],[RL]],"0"), "-", TEXT(Table2[[#This Row],[OTL]]+Table2[[#This Row],[SOL]], "0")) -> 0-0-1 | AV8: =SUMIF(Table1[AwayTeam], Table2[[#This Row],[Team]], Table1[ActualAwayScore]) -> 0 | AW8: =SUMIF(Table1[AwayTeam], Table2[[#This Row],[Team]], Table1[ActualHomeScore]) -> 0 | AX8: =Table2[[#This Row],[GF_A]]-Table2[[#This Row],[GA_A]] -> 0 | AY8: =SUMIF(Table1[HomeTeam], Table2[[#This Row],[Team]], Table1[ActualHomeScore]) -> 1 | AZ8: =SUMIF(Table1[HomeTeam], Table2[[#This Row],[Team]], Table1[ActualAwayScore]) -> 2 | BA8: =Table2[[#This Row],[GF_H]]-Table2[[#This Row],[GA_H]] -> -1 | BB8: =SUMIFS(Table1[ActualAwayScore], Table1[AwayTeam], Table2[[#This Row],[Team]], Table1[AwayWon],1)+SUMIFS(Table1[ActualHomeScore], Table1[HomeTeam], Table2[[#This Row],[Team]], Table1[HomeWon],1) -> 0 | BC8: =SUMIFS(Table1[ActualAwayScore], Table1[AwayTeam], Table2[[#This Row],[Team]], Table1[AwayWon],0) + SUMIFS(Table1[ActualHomeScore], Table1[HomeTeam], Table2[[#This Row],[Team]], Table1[HomeWon],0) -> 1 | BD8: =Table2[[#This Row],[GF_W]]-Table2[[#This Row],[GF_L]] -> -1 | BE8: =Table2[[#This Row],[GF_A]]+Table2[[#This Row],[GF_H]] -> 1 | BF8: =Table2[[#This Row],[GA_A]]+Table2[[#This Row],[GA_H]] -> 2 | BG8: =Table2[[#This Row],[GF]]-Table2[[#This Row],[GA]] -> -1 | BH8: =Table2[[#This Row],[GF]]/Table2[[#This Row],[GP]] -> 1 | BI8: =Table2[[#This Row],[GA]]/Table2[[#This Row],[GP]] -> 2 | BJ8: =Table2[[#This Row],[GFPG]]-Table2[[#This Row],[GAPG]] -> -1 | BK8: =_xlfn.CONCAT(TEXT(Table2[[#This Row],[W_A]], "0"), "-", TEXT(Table2[[#This Row],[RL_A]],"0"), "-", TEXT(Table2[[#This Row],[OTL_A]]+Table2[[#This Row],[SOL_A]], "0")) -> 0-0-0 | BL8: =_xlfn.CONCAT(TEXT(Table2[[#This Row],[W_H]], "0"), "-", TEXT(Table2[[#This Row],[RL_H]],"0"), "-", TEXT(Table2[[#This Row],[OTL_H]]+Table2[[#This Row],[SOL_H]], "0")) -> 0-0-1
A9: CBJ | B9: E | C9: M | D9: =COUNTIFS(Table1[AwayTeam],Table2[[#This Row],[Team]],Table1[GameIsOver], 1, Table1[WatchedGame],1) + COUNTIFS(Table1[HomeTeam],Table2[[#This Row],[Team]],Table1[GameIsOver],1,Table1[WatchedGame],1) -> 0 | F9: =COUNTIFS(Table1[AwayTeam],Table2[[#This Row],[Team]], Table1[GameIsOver],1) -> 0 | G9: =COUNTIFS(Table1[HomeTeam],Table2[[#This Row],[Team]], Table1[GameIsOver],1) -> 1 | H9: =Table2[[#This Row],[GP_A]]+Table2[[#This Row],[GP_H]] -> 1 | I9: =84-Table2[[#This Row],[GP]] -> 83 | J9: =COUNTIFS(Table1[AwayTeam], Table2[[#This Row],[Team]], Table1[GameIsOver], 1, Table1[AwayWon],1) -> 0 | K9: =COUNTIFS(Table1[AwayTeam], Table2[[#This Row],[Team]], Table1[GameIsOver], 1, Table1[AwayWon],1, Table1[ActualResult], "REG") -> 0 | L9: =COUNTIFS(Table1[AwayTeam], Table2[[#This Row],[Team]], Table1[GameIsOver], 1, Table1[AwayWon],1, Table1[ActualResult], "OT") -> 0 | M9: =COUNTIFS(Table1[AwayTeam], Table2[[#This Row],[Team]], Table1[GameIsOver], 1, Table1[AwayWon],1, Table1[ActualResult], "SO") -> 0 | N9: =COUNTIFS(Table1[AwayTeam], Table2[[#This Row],[Team]], Table1[GameIsOver], 1, Table1[AwayWon],0) -> 0 | O9: =COUNTIFS(Table1[AwayTeam], Table2[[#This Row],[Team]], Table1[GameIsOver], 1, Table1[AwayWon],0, Table1[ActualResult], "REG") -> 0 | P9: =COUNTIFS(Table1[AwayTeam], Table2[[#This Row],[Team]], Table1[GameIsOver], 1, Table1[AwayWon],0, Table1[ActualResult], "OT") -> 0 | Q9: =COUNTIFS(Table1[AwayTeam], Table2[[#This Row],[Team]], Table1[GameIsOver], 1, Table1[AwayWon],0, Table1[ActualResult], "SO") -> 0 | R9: =COUNTIFS(Table1[HomeTeam], Table2[[#This Row],[Team]], Table1[GameIsOver], 1, Table1[HomeWon],1) -> 1 | S9: =COUNTIFS(Table1[HomeTeam], Table2[[#This Row],[Team]], Table1[GameIsOver], 1, Table1[HomeWon],1, Table1[ActualResult], "REG") -> 0 | T9: =COUNTIFS(Table1[HomeTeam], Table2[[#This Row],[Team]], Table1[GameIsOver], 1, Table1[HomeWon],1, Table1[ActualResult], "OT") -> 0 | U9: =COUNTIFS(Table1[HomeTeam], Table2[[#This Row],[Team]], Table1[GameIsOver], 1, Table1[HomeWon],1, Table1[ActualResult], "SO") -> 1 | V9: =COUNTIFS(Table1[HomeTeam], Table2[[#This Row],[Team]], Table1[GameIsOver], 1, Table1[HomeWon],0) -> 0 | W9: =COUNTIFS(Table1[HomeTeam], Table2[[#This Row],[Team]], Table1[GameIsOver], 1, Table1[HomeWon],0, Table1[ActualResult], "REG") -> 0 | X9: =COUNTIFS(Table1[HomeTeam], Table2[[#This Row],[Team]], Table1[GameIsOver], 1, Table1[HomeWon],0, Table1[ActualResult], "OT") -> 0 | Y9: =COUNTIFS(Table1[HomeTeam], Table2[[#This Row],[Team]], Table1[GameIsOver], 1, Table1[HomeWon],0, Table1[ActualResult], "SO") -> 0 | Z9: =Table2[[#This Row],[W]]/MAX(1,Table2[[#This Row],[W]]+Table2[[#This Row],[L]]) -> 1 | AA9: =Table2[[#This Row],[W_A]]+Table2[[#This Row],[W_H]] -> 1 | AB9: =Table2[[#This Row],[L_A]]+Table2[[#This Row],[L_H]] -> 0 | AC9: =Table2[RW_A]+Table2[RW_H] -> 0 | AD9: =Table2[RL_A]+Table2[RL_H] -> 0 | AE9: =Table2[OTW_A]+Table2[OTW_H] -> 0 | AF9: =Table2[OTL_A]+Table2[OTL_H] -> 0 | AG9: =Table2[SOW_A]+Table2[SOW_H] -> 1 | AH9: =Table2[SOL_A]+Table2[SOL_H] -> 0 | AI9: =_xlfn.CONCAT(TEXT(Table2[[#This Row],[OTW]]+Table2[[#This Row],[SOW]], "0"), "-", TEXT(Table2[[#This Row],[OTL]]+Table2[[#This Row],[SOL]],"0")) -> 1-0 | AJ9: =SUM(Table2[[#This Row],[OTW]],Table2[[#This Row],[OTL]],Table2[[#This Row],[SOW]],Table2[[#This Row],[SOL]]) -> 1 | AK9: =(Table2[[#This Row],[OTW]]+Table2[[#This Row],[SOW]])/IF(Table2[[#This Row],[Total_ExtraTimes]]=0,1,Table2[[#This Row],[Total_ExtraTimes]]) -> 1 | AL9: =Table2[[#This Row],[Total_ExtraTimes]]/MAX(1,Table2[[#This Row],[GP]]) -> 1 | AM9: =(2*(Table2[[#This Row],[W_A]]+Table2[[#This Row],[W_H]]))+Table2[[#This Row],[OTL_A]]+Table2[[#This Row],[SOL_A]]+Table2[[#This Row],[OTL_H]]+Table2[[#This Row],[SOL_H]] -> 2 | AN9: =(3*(Table2[[#This Row],[RW_A]]+Table2[[#This Row],[RW_H]]))+(2*(Table2[[#This Row],[OTW_A]]+Table2[[#This Row],[SOW_A]]+Table2[[#This Row],[OTW_H]]+Table2[[#This Row],[SOW_H]]))+Table2[[#This Row],[OTL_A]]+Table2[[#This Row],[SOL_A]]+Table2[[#This Row],[OTL_H]]+Table2[[#This Row],[SOL_H]] -> 2 | AO9: =Table2[[#This Row],[PTS]]/(2*Table2[[#This Row],[GP]]) -> 1 | AP9: =Table2[[#This Row],[PTS]]/(3*Table2[[#This Row],[GP]]) -> 0.66666667 | AQ9: =(2*Table2[[#This Row],[GR]])+Table2[[#This Row],[PTS]] -> 168 | AR9: =(3*Table2[[#This Row],[GR]])+Table2[[#This Row],[PTS]] -> 251 | AS9: =Table2[[#This Row],[PTS]]+(2 * Table2[[#This Row],[GR]] * Table2[[#This Row],[PTS%]]) -> 168 | AT9: =Table2[[#This Row],[PTS]]+(3 * Table2[[#This Row],[GR]] * Table2[[#This Row],[PTS%]]) -> 251 | AU9: =_xlfn.CONCAT(TEXT(Table2[[#This Row],[W]], "0"), "-", TEXT(Table2[[#This Row],[RL]],"0"), "-", TEXT(Table2[[#This Row],[OTL]]+Table2[[#This Row],[SOL]], "0")) -> 1-0-0 | AV9: =SUMIF(Table1[AwayTeam], Table2[[#This Row],[Team]], Table1[ActualAwayScore]) -> 0 | AW9: =SUMIF(Table1[AwayTeam], Table2[[#This Row],[Team]], Table1[ActualHomeScore]) -> 0 | AX9: =Table2[[#This Row],[GF_A]]-Table2[[#This Row],[GA_A]] -> 0 | AY9: =SUMIF(Table1[HomeTeam], Table2[[#This Row],[Team]], Table1[ActualHomeScore]) -> 3 | AZ9: =SUMIF(Table1[HomeTeam], Table2[[#This Row],[Team]], Table1[ActualAwayScore]) -> 2 | BA9: =Table2[[#This Row],[GF_H]]-Table2[[#This Row],[GA_H]] -> 1 | BB9: =SUMIFS(Table1[ActualAwayScore], Table1[AwayTeam], Table2[[#This Row],[Team]], Table1[AwayWon],1)+SUMIFS(Table1[ActualHomeScore], Table1[HomeTeam], Table2[[#This Row],[Team]], Table1[HomeWon],1) -> 3 | BC9: =SUMIFS(Table1[ActualAwayScore], Table1[AwayTeam], Table2[[#This Row],[Team]], Table1[AwayWon],0) + SUMIFS(Table1[ActualHomeScore], Table1[HomeTeam], Table2[[#This Row],[Team]], Table1[HomeWon],0) -> 0 | BD9: =Table2[[#This Row],[GF_W]]-Table2[[#This Row],[GF_L]] -> 3 | BE9: =Table2[[#This Row],[GF_A]]+Table2[[#This Row],[GF_H]] -> 3 | BF9: =Table2[[#This Row],[GA_A]]+Table2[[#This Row],[GA_H]] -> 2 | BG9: =Table2[[#This Row],[GF]]-Table2[[#This Row],[GA]] -> 1 | BH9: =Table2[[#This Row],[GF]]/Table2[[#This Row],[GP]] -> 3 | BI9: =Table2[[#This Row],[GA]]/Table2[[#This Row],[GP]] -> 2 | BJ9: =Table2[[#This Row],[GFPG]]-Table2[[#This Row],[GAPG]] -> 1 | BK9: =_xlfn.CONCAT(TEXT(Table2[[#This Row],[W_A]], "0"), "-", TEXT(Table2[[#This Row],[RL_A]],"0"), "-", TEXT(Table2[[#This Row],[OTL_A]]+Table2[[#This Row],[SOL_A]], "0")) -> 0-0-0 | BL9: =_xlfn.CONCAT(TEXT(Table2[[#This Row],[W_H]], "0"), "-", TEXT(Table2[[#This Row],[RL_H]],"0"), "-", TEXT(Table2[[#This Row],[OTL_H]]+Table2[[#This Row],[SOL_H]], "0")) -> 1-0-0
A10: DAL | B10: W | C10: C | D10: =COUNTIFS(Table1[AwayTeam],Table2[[#This Row],[Team]],Table1[GameIsOver], 1, Table1[WatchedGame],1) + COUNTIFS(Table1[HomeTeam],Table2[[#This Row],[Team]],Table1[GameIsOver],1,Table1[WatchedGame],1) -> 0 | F10: =COUNTIFS(Table1[AwayTeam],Table2[[#This Row],[Team]], Table1[GameIsOver],1) -> 0 | G10: =COUNTIFS(Table1[HomeTeam],Table2[[#This Row],[Team]], Table1[GameIsOver],1) -> 0 | H10: =Table2[[#This Row],[GP_A]]+Table2[[#This Row],[GP_H]] -> 0 | I10: =84-Table2[[#This Row],[GP]] -> 84 | J10: =COUNTIFS(Table1[AwayTeam], Table2[[#This Row],[Team]], Table1[GameIsOver], 1, Table1[AwayWon],1) -> 0 | K10: =COUNTIFS(Table1[AwayTeam], Table2[[#This Row],[Team]], Table1[GameIsOver], 1, Table1[AwayWon],1, Table1[ActualResult], "REG") -> 0 | L10: =COUNTIFS(Table1[AwayTeam], Table2[[#This Row],[Team]], Table1[GameIsOver], 1, Table1[AwayWon],1, Table1[ActualResult], "OT") -> 0 | M10: =COUNTIFS(Table1[AwayTeam], Table2[[#This Row],[Team]], Table1[GameIsOver], 1, Table1[AwayWon],1, Table1[ActualResult], "SO") -> 0 | N10: =COUNTIFS(Table1[AwayTeam], Table2[[#This Row],[Team]], Table1[GameIsOver], 1, Table1[AwayWon],0) -> 0 | O10: =COUNTIFS(Table1[AwayTeam], Table2[[#This Row],[Team]], Table1[GameIsOver], 1, Table1[AwayWon],0, Table1[ActualResult], "REG") -> 0 | P10: =COUNTIFS(Table1[AwayTeam], Table2[[#This Row],[Team]], Table1[GameIsOver], 1, Table1[AwayWon],0, Table1[ActualResult], "OT") -> 0 | Q10: =COUNTIFS(Table1[AwayTeam], Table2[[#This Row],[Team]], Table1[GameIsOver], 1, Table1[AwayWon],0, Table1[ActualResult], "SO") -> 0 | R10: =COUNTIFS(Table1[HomeTeam], Table2[[#This Row],[Team]], Table1[GameIsOver], 1, Table1[HomeWon],1) -> 0 | S10: =COUNTIFS(Table1[HomeTeam], Table2[[#This Row],[Team]], Table1[GameIsOver], 1, Table1[HomeWon],1, Table1[ActualResult], "REG") -> 0 | T10: =COUNTIFS(Table1[HomeTeam], Table2[[#This Row],[Team]], Table1[GameIsOver], 1, Table1[HomeWon],1, Table1[ActualResult], "OT") -> 0 | U10: =COUNTIFS(Table1[HomeTeam], Table2[[#This Row],[Team]], Table1[GameIsOver], 1, Table1[HomeWon],1, Table1[ActualResult], "SO") -> 0 | V10: =COUNTIFS(Table1[HomeTeam], Table2[[#This Row],[Team]], Table1[GameIsOver], 1, Table1[HomeWon],0) -> 0 | W10: =COUNTIFS(Table1[HomeTeam], Table2[[#This Row],[Team]], Table1[GameIsOver], 1, Table1[HomeWon],0, Table1[ActualResult], "REG") -> 0 | X10: =COUNTIFS(Table1[HomeTeam], Table2[[#This Row],[Team]], Table1[GameIsOver], 1, Table1[HomeWon],0, Table1[ActualResult], "OT") -> 0 | Y10: =COUNTIFS(Table1[HomeTeam], Table2[[#This Row],[Team]], Table1[GameIsOver], 1, Table1[HomeWon],0, Table1[ActualResult], "SO") -> 0 | Z10: =Table2[[#This Row],[W]]/MAX(1,Table2[[#This Row],[W]]+Table2[[#This Row],[L]]) -> 0 | AA10: =Table2[[#This Row],[W_A]]+Table2[[#This Row],[W_H]] -> 0 | AB10: =Table2[[#This Row],[L_A]]+Table2[[#This Row],[L_H]] -> 0 | AC10: =Table2[RW_A]+Table2[RW_H] -> 0 | AD10: =Table2[RL_A]+Table2[RL_H] -> 0 | AE10: =Table2[OTW_A]+Table2[OTW_H] -> 0 | AF10: =Table2[OTL_A]+Table2[OTL_H] -> 0 | AG10: =Table2[SOW_A]+Table2[SOW_H] -> 0 | AH10: =Table2[SOL_A]+Table2[SOL_H] -> 0 | AI10: =_xlfn.CONCAT(TEXT(Table2[[#This Row],[OTW]]+Table2[[#This Row],[SOW]], "0"), "-", TEXT(Table2[[#This Row],[OTL]]+Table2[[#This Row],[SOL]],"0")) -> 0-0 | AJ10: =SUM(Table2[[#This Row],[OTW]],Table2[[#This Row],[OTL]],Table2[[#This Row],[SOW]],Table2[[#This Row],[SOL]]) -> 0 | AK10: =(Table2[[#This Row],[OTW]]+Table2[[#This Row],[SOW]])/IF(Table2[[#This Row],[Total_ExtraTimes]]=0,1,Table2[[#This Row],[Total_ExtraTimes]]) -> 0 | AL10: =Table2[[#This Row],[Total_ExtraTimes]]/MAX(1,Table2[[#This Row],[GP]]) -> 0 | AM10: =(2*(Table2[[#This Row],[W_A]]+Table2[[#This Row],[W_H]]))+Table2[[#This Row],[OTL_A]]+Table2[[#This Row],[SOL_A]]+Table2[[#This Row],[OTL_H]]+Table2[[#This Row],[SOL_H]] -> 0 | AN10: =(3*(Table2[[#This Row],[RW_A]]+Table2[[#This Row],[RW_H]]))+(2*(Table2[[#This Row],[OTW_A]]+Table2[[#This Row],[SOW_A]]+Table2[[#This Row],[OTW_H]]+Table2[[#This Row],[SOW_H]]))+Table2[[#This Row],[OTL_A]]+Table2[[#This Row],[SOL_A]]+Table2[[#This Row],[OTL_H]]+Table2[[#This Row],[SOL_H]] -> 0 | AO10: =Table2[[#This Row],[PTS]]/(2*Table2[[#This Row],[GP]]) -> #DIV/0! | AP10: =Table2[[#This Row],[PTS]]/(3*Table2[[#This Row],[GP]]) -> #DIV/0! | AQ10: =(2*Table2[[#This Row],[GR]])+Table2[[#This Row],[PTS]] -> 168 | AR10: =(3*Table2[[#This Row],[GR]])+Table2[[#This Row],[PTS]] -> 252 | AS10: =Table2[[#This Row],[PTS]]+(2 * Table2[[#This Row],[GR]] * Table2[[#This Row],[PTS%]]) -> #DIV/0! | AT10: =Table2[[#This Row],[PTS]]+(3 * Table2[[#This Row],[GR]] * Table2[[#This Row],[PTS%]]) -> #DIV/0! | AU10: =_xlfn.CONCAT(TEXT(Table2[[#This Row],[W]], "0"), "-", TEXT(Table2[[#This Row],[RL]],"0"), "-", TEXT(Table2[[#This Row],[OTL]]+Table2[[#This Row],[SOL]], "0")) -> 0-0-0 | AV10: =SUMIF(Table1[AwayTeam], Table2[[#This Row],[Team]], Table1[ActualAwayScore]) -> 0 | AW10: =SUMIF(Table1[AwayTeam], Table2[[#This Row],[Team]], Table1[ActualHomeScore]) -> 0 | AX10: =Table2[[#This Row],[GF_A]]-Table2[[#This Row],[GA_A]] -> 0 | AY10: =SUMIF(Table1[HomeTeam], Table2[[#This Row],[Team]], Table1[ActualHomeScore]) -> 0 | AZ10: =SUMIF(Table1[HomeTeam], Table2[[#This Row],[Team]], Table1[ActualAwayScore]) -> 0 | BA10: =Table2[[#This Row],[GF_H]]-Table2[[#This Row],[GA_H]] -> 0 | BB10: =SUMIFS(Table1[ActualAwayScore], Table1[AwayTeam], Table2[[#This Row],[Team]], Table1[AwayWon],1)+SUMIFS(Table1[ActualHomeScore], Table1[HomeTeam], Table2[[#This Row],[Team]], Table1[HomeWon],1) -> 0 | BC10: =SUMIFS(Table1[ActualAwayScore], Table1[AwayTeam], Table2[[#This Row],[Team]], Table1[AwayWon],0) + SUMIFS(Table1[ActualHomeScore], Table1[HomeTeam], Table2[[#This Row],[Team]], Table1[HomeWon],0) -> 0 | BD10: =Table2[[#This Row],[GF_W]]-Table2[[#This Row],[GF_L]] -> 0 | BE10: =Table2[[#This Row],[GF_A]]+Table2[[#This Row],[GF_H]] -> 0 | BF10: =Table2[[#This Row],[GA_A]]+Table2[[#This Row],[GA_H]] -> 0 | BG10: =Table2[[#This Row],[GF]]-Table2[[#This Row],[GA]] -> 0 | BH10: =Table2[[#This Row],[GF]]/Table2[[#This Row],[GP]] -> #DIV/0! | BI10: =Table2[[#This Row],[GA]]/Table2[[#This Row],[GP]] -> #DIV/0! | BJ10: =Table2[[#This Row],[GFPG]]-Table2[[#This Row],[GAPG]] -> #DIV/0! | BK10: =_xlfn.CONCAT(TEXT(Table2[[#This Row],[W_A]], "0"), "-", TEXT(Table2[[#This Row],[RL_A]],"0"), "-", TEXT(Table2[[#This Row],[OTL_A]]+Table2[[#This Row],[SOL_A]], "0")) -> 0-0-0 | BL10: =_xlfn.CONCAT(TEXT(Table2[[#This Row],[W_H]], "0"), "-", TEXT(Table2[[#This Row],[RL_H]],"0"), "-", TEXT(Table2[[#This Row],[OTL_H]]+Table2[[#This Row],[SOL_H]], "0")) -> 0-0-0
